{
    "customers": {
        "c0": {
            "x": 15.3,
            "y": 32.599998,
            "demand": 12.0
        },
        "c1": {
            "x": 16.9,
            "y": 22.299999,
            "demand": 13.0
        },
        "c2": {
            "x": 25.200001,
            "y": 37.5,
            "demand": 16.0
        },
        "c3": {
            "x": 24.5,
            "y": 31.799999,
            "demand": 16.0
        },
        "c4": {
            "x": 23.9,
            "y": 38.299999,
            "demand": 18.0
        },
        "c5": {
            "x": 22.5,
            "y": 26.9,
            "demand": 15.0
        },
        "c6": {
            "x": 18.200001,
            "y": 31.799999,
            "demand": 11.0
        },
        "c7": {
            "x": 9.6,
            "y": 25.9,
            "demand": 13.0
        },
        "c8": {
            "x": 20.200001,
            "y": 21.5,
            "demand": 11.0
        },
        "c9": {
            "x": 15.9,
            "y": 30.799999,
            "demand": 19.0
        },
        "c10": {
            "x": 17.0,
            "y": 34.799999,
            "demand": 14.0
        },
        "c11": {
            "x": 9.6,
            "y": 23.299999,
            "demand": 14.0
        },
        "c12": {
            "x": 9.9,
            "y": 27.5,
            "demand": 10.0
        },
        "c13": {
            "x": 23.799999,
            "y": 36.5,
            "demand": 11.0
        },
        "c14": {
            "x": 11.8,
            "y": 37.5,
            "demand": 14.0
        },
        "c15": {
            "x": 19.6,
            "y": 22.4,
            "demand": 19.0
        },
        "c16": {
            "x": 19.0,
            "y": 32.299999,
            "demand": 14.0
        },
        "c17": {
            "x": 24.6,
            "y": 35.5,
            "demand": 15.0
        },
        "c18": {
            "x": 20.4,
            "y": 30.9,
            "demand": 20.0
        },
        "c19": {
            "x": 20.9,
            "y": 36.299999,
            "demand": 17.0
        },
        "c20": {
            "x": 10.7,
            "y": 25.9,
            "demand": 17.0
        },
        "c21": {
            "x": 21.0,
            "y": 30.4,
            "demand": 10.0
        },
        "c22": {
            "x": 10.7,
            "y": 34.599998,
            "demand": 14.0
        },
        "c23": {
            "x": 11.5,
            "y": 28.4,
            "demand": 12.0
        },
        "c24": {
            "x": 13.6,
            "y": 25.799999,
            "demand": 13.0
        },
        "c25": {
            "x": 25.0,
            "y": 33.5,
            "demand": 14.0
        },
        "c26": {
            "x": 25.5,
            "y": 35.5,
            "demand": 13.0
        },
        "c27": {
            "x": 20.0,
            "y": 32.299999,
            "demand": 19.0
        },
        "c28": {
            "x": 25.799999,
            "y": 23.6,
            "demand": 12.0
        },
        "c29": {
            "x": 19.4,
            "y": 35.700001,
            "demand": 18.0
        },
        "c30": {
            "x": 20.0,
            "y": 35.900002,
            "demand": 13.0
        },
        "c31": {
            "x": 20.700001,
            "y": 29.5,
            "demand": 11.0
        },
        "c32": {
            "x": 86.900002,
            "y": 28.799999,
            "demand": 17.0
        },
        "c33": {
            "x": 85.900002,
            "y": 42.0,
            "demand": 13.0
        },
        "c34": {
            "x": 86.199997,
            "y": 44.400002,
            "demand": 12.0
        },
        "c35": {
            "x": 83.300003,
            "y": 37.400002,
            "demand": 19.0
        },
        "c36": {
            "x": 81.400002,
            "y": 39.799999,
            "demand": 13.0
        },
        "c37": {
            "x": 89.900002,
            "y": 44.400002,
            "demand": 19.0
        },
        "c38": {
            "x": 83.900002,
            "y": 33.0,
            "demand": 20.0
        },
        "c39": {
            "x": 85.0,
            "y": 36.299999,
            "demand": 11.0
        },
        "c40": {
            "x": 89.599998,
            "y": 34.599998,
            "demand": 12.0
        },
        "c41": {
            "x": 78.699997,
            "y": 28.4,
            "demand": 11.0
        },
        "c42": {
            "x": 84.300003,
            "y": 36.400002,
            "demand": 17.0
        },
        "c43": {
            "x": 80.300003,
            "y": 36.700001,
            "demand": 18.0
        },
        "c44": {
            "x": 89.900002,
            "y": 33.200001,
            "demand": 20.0
        },
        "c45": {
            "x": 81.5,
            "y": 37.0,
            "demand": 11.0
        },
        "c46": {
            "x": 78.400002,
            "y": 33.299999,
            "demand": 16.0
        },
        "c47": {
            "x": 80.5,
            "y": 42.400002,
            "demand": 17.0
        },
        "c48": {
            "x": 83.300003,
            "y": 37.0,
            "demand": 10.0
        },
        "c49": {
            "x": 88.5,
            "y": 40.0,
            "demand": 13.0
        },
        "c50": {
            "x": 81.5,
            "y": 41.299999,
            "demand": 12.0
        },
        "c51": {
            "x": 80.599998,
            "y": 30.0,
            "demand": 12.0
        },
        "c52": {
            "x": 77.0,
            "y": 28.6,
            "demand": 16.0
        },
        "c53": {
            "x": 88.699997,
            "y": 38.099998,
            "demand": 17.0
        },
        "c54": {
            "x": 80.5,
            "y": 28.9,
            "demand": 17.0
        },
        "c55": {
            "x": 75.099998,
            "y": 34.0,
            "demand": 13.0
        },
        "c56": {
            "x": 76.5,
            "y": 40.400002,
            "demand": 17.0
        },
        "c57": {
            "x": 83.599998,
            "y": 39.299999,
            "demand": 14.0
        },
        "c58": {
            "x": 82.0,
            "y": 28.5,
            "demand": 18.0
        },
        "c59": {
            "x": 87.0,
            "y": 42.200001,
            "demand": 19.0
        },
        "c60": {
            "x": 86.400002,
            "y": 31.700001,
            "demand": 11.0
        },
        "c61": {
            "x": 77.900002,
            "y": 37.299999,
            "demand": 17.0
        },
        "c62": {
            "x": 82.0,
            "y": 28.200001,
            "demand": 18.0
        },
        "c63": {
            "x": 76.699997,
            "y": 42.5,
            "demand": 12.0
        },
        "c64": {
            "x": 78.0,
            "y": 28.5,
            "demand": 17.0
        },
        "c65": {
            "x": 92.400002,
            "y": 52.5,
            "demand": 19.0
        },
        "c66": {
            "x": 96.400002,
            "y": 52.900002,
            "demand": 17.0
        },
        "c67": {
            "x": 99.300003,
            "y": 55.799999,
            "demand": 19.0
        },
        "c68": {
            "x": 99.900002,
            "y": 65.300003,
            "demand": 20.0
        },
        "c69": {
            "x": 99.900002,
            "y": 58.599998,
            "demand": 10.0
        },
        "c70": {
            "x": 96.900002,
            "y": 61.799999,
            "demand": 10.0
        },
        "c71": {
            "x": 99.900002,
            "y": 64.699997,
            "demand": 15.0
        },
        "c72": {
            "x": 92.699997,
            "y": 54.599998,
            "demand": 16.0
        },
        "c73": {
            "x": 98.099998,
            "y": 58.900002,
            "demand": 13.0
        },
        "c74": {
            "x": 99.900002,
            "y": 67.300003,
            "demand": 15.0
        },