{
    "customers": {
        "c0": {
            "x": 34.299999,
            "y": 85.900002,
            "demand": 15.0
        },
        "c1": {
            "x": 34.700001,
            "y": 65.5,
            "demand": 20.0
        },
        "c2": {
            "x": 73.5,
            "y": 54.5,
            "demand": 20.0
        },
        "c3": {
            "x": 15.6,
            "y": 2.0,
            "demand": 11.0
        },
        "c4": {
            "x": 47.400002,
            "y": 18.799999,
            "demand": 12.0
        },
        "c5": {
            "x": 7.5,
            "y": 70.0,
            "demand": 20.0
        },
        "c6": {
            "x": 78.699997,
            "y": 21.4,
            "demand": 13.0
        },
        "c7": {
            "x": 96.0,
            "y": 8.6,
            "demand": 13.0
        },
        "c8": {
            "x": 28.0,
            "y": 82.5,
            "demand": 10.0
        },
        "c9": {
            "x": 73.800003,
            "y": 40.0,
            "demand": 20.0
        },
        "c10": {
            "x": 56.0,
            "y": 36.599998,
            "demand": 12.0
        },
        "c11": {
            "x": 93.099998,
            "y": 51.700001,
            "demand": 10.0
        },
        "c12": {
            "x": 77.199997,
            "y": 85.400002,
            "demand": 12.0
        },
        "c13": {
            "x": 36.200001,
            "y": 15.8,
            "demand": 12.0
        },
        "c14": {
            "x": 48.799999,
            "y": 36.299999,
            "demand": 18.0
        },
        "c15": {
            "x": 32.900002,
            "y": 76.900002,
            "demand": 15.0
        },
        "c16": {
            "x": 23.200001,
            "y": 2.1,
            "demand": 19.0
        },
        "c17": {
            "x": 63.5,
            "y": 17.200001,
            "demand": 13.0
        },
        "c18": {
            "x": 45.200001,
            "y": 15.0,
            "demand": 13.0
        },
        "c19": {
            "x": 56.099998,
            "y": 55.700001,
            "demand": 18.0
        },
        "c20": {
            "x": 80.5,
            "y": 37.0,
            "demand": 10.0
        },
        "c21": {
            "x": 94.599998,
            "y": 90.400002,
            "demand": 20.0
        },
        "c22": {
            "x": 49.400002,
            "y": 76.099998,
            "demand": 11.0
        },
        "c23": {
            "x": 46.5,
            "y": 19.9,
            "demand": 12.0
        },
        "c24": {
            "x": 48.799999,
            "y": 22.299999,
            "demand": 17.0
        },
        "c25": {
            "x": 93.900002,
            "y": 37.599998,
            "demand": 16.0
        },
        "c26": {
            "x": 26.5,
            "y": 43.099998,
            "demand": 13.0
        },
        "c27": {
            "x": 48.400002,
            "y": 49.799999,
            "demand": 10.0
        },
        "c28": {
            "x": 62.900002,
            "y": 93.099998,
            "demand": 16.0
        },
        "c29": {
            "x": 53.400002,
            "y": 60.0,
            "demand": 20.0
        },
        "c30": {
            "x": 34.099998,
            "y": 43.099998,
            "demand": 12.0
        },
        "c31": {
            "x": 64.5,
            "y": 48.200001,
            "demand": 16.0
        },
        "c32": {
            "x": 0.6,
            "y": 38.099998,
            "demand": 15.0
        },
        "c33": {
            "x": 30.799999,
            "y": 94.300003,
            "demand": 14.0
        },
        "c34": {
            "x": 18.6,
            "y": 71.599998,
            "demand": 16.0
        },
        "c35": {
            "x": 31.1,
            "y": 56.099998,
            "demand": 18.0
        },
        "c36": {
            "x": 76.199997,
            "y": 74.199997,
            "demand": 11.0
        },
        "c37": {
            "x": 21.299999,
            "y": 77.599998,
            "demand": 15.0
        },
        "c38": {
            "x": 74.300003,
            "y": 42.200001,
            "demand": 18.0
        },
        "c39": {
            "x": 47.799999,
            "y": 8.3,
            "demand": 13.0
        },
        "c40": {
            "x": 66.5,
            "y": 1.4,
            "demand": 13.0
        },
        "c41": {
            "x": 20.9,
            "y": 91.099998,
            "demand": 20.0
        },
        "c42": {
            "x": 4.3,
            "y": 58.400002,
            "demand": 15.0
        },
        "c43": {
            "x": 78.0,
            "y": 66.199997,
            "demand": 18.0
        },
        "c44": {
            "x": 37.200001,
            "y": 27.4,
            "demand": 11.0
        },
        "c45": {
            "x": 40.299999,
            "y": 24.299999,
            "demand": 10.0
        },
        "c46": {
            "x": 48.799999,
            "y": 40.799999,
            "demand": 11.0
        },
        "c47": {
            "x": 28.200001,
            "y": 23.5,
            "demand": 15.0
        },
        "c48": {
            "x": 61.200001,
            "y": 8.6,
            "demand": 17.0
        },
        "c49": {
            "x": 21.9,
            "y": 4.4,
            "demand": 16.0
        },
        "c50": {
            "x": 78.599998,
            "y": 95.099998,
            "demand": 17.0
        },
        "c51": {
            "x": 0.8,
            "y": 78.800003,
            "demand": 19.0
        },
        "c52": {
            "x": 41.599998,
            "y": 13.1,
            "demand": 18.0
        },
        "c53": {
            "x": 43.200001,
            "y": 69.599998,
            "demand": 10.0
        },
        "c54": {
            "x": 96.599998,
            "y": 46.700001,
            "demand": 10.0
        },
        "c55": {
            "x": 58.799999,
            "y": 76.800003,
            "demand": 16.0
        },
        "c56": {
            "x": 92.5,
            "y": 11.5,
            "demand": 13.0
        },
        "c57": {
            "x": 87.0,
            "y": 92.699997,
            "demand": 14.0
        },
        "c58": {
            "x": 69.300003,
            "y": 25.9,
            "demand": 16.0
        },
        "c59": {
            "x": 98.5,
            "y": 63.0,
            "demand": 15.0
        },
        "c60": {
            "x": 10.5,
            "y": 58.0,
            "demand": 20.0
        },
        "c61": {
            "x": 96.599998,
            "y": 44.599998,
            "demand": 10.0
        },
        "c62": {
            "x": 99.5,
            "y": 78.300003,
            "demand": 16.0
        },
        "c63": {
            "x": 44.200001,
            "y": 93.199997,
            "demand": 13.0
        },
        "c64": {
            "x": 67.800003,
            "y": 75.599998,
            "demand": 12.0
        },
        "c65": {
            "x": 23.1,
            "y": 81.199997,
            "demand": 18.0
        },
        "c66": {
            "x": 93.199997,
            "y": 83.099998,
            "demand": 10.0
        },
        "c67": {
            "x": 20.799999,
            "y": 61.400002,
            "demand": 16.0
        },
        "c68": {
            "x": 43.400002,
            "y": 31.200001,
            "demand": 15.0
        },
        "c69": {
            "x": 77.699997,
            "y": 99.599998,
            "demand": 16.0
        },
        "c70": {
            "x": 7.7,
            "y": 28.4,
            "demand": 13.0
        },
        "c71": {
            "x": 70.699997,
            "y": 26.700001,
            "demand": 19.0
        },
        "c72": {
            "x": 72.5,
            "y": 32.700001,
            "demand": 10.0
        },
        "c73": {
            "x": 27.299999,
            "y": 21.799999,
            "demand": 10.0
        },
        "c74": {
            "x": 90.0,