{
    "customers": {
        "c0": {
            "x": 66.699997,
            "y": 52.299999,
            "demand": 17.0
        },
        "c1": {
            "x": 69.199997,
            "y": 59.799999,
            "demand": 16.0
        },
        "c2": {
            "x": 73.199997,
            "y": 59.099998,
            "demand": 10.0
        },
        "c3": {
            "x": 63.799999,
            "y": 55.700001,
            "demand": 18.0
        },
        "c4": {
            "x": 66.800003,
            "y": 50.700001,
            "demand": 10.0
        },
        "c5": {
            "x": 73.099998,
            "y": 57.400002,
            "demand": 20.0
        },
        "c6": {
            "x": 75.599998,
            "y": 53.799999,
            "demand": 14.0
        },
        "c7": {
            "x": 70.300003,
            "y": 54.5,
            "demand": 12.0
        },
        "c8": {
            "x": 70.400002,
            "y": 52.299999,
            "demand": 20.0
        },
        "c9": {
            "x": 67.800003,
            "y": 57.099998,
            "demand": 16.0
        },
        "c10": {
            "x": 67.5,
            "y": 59.099998,
            "demand": 13.0
        },
        "c11": {
            "x": 74.300003,
            "y": 58.799999,
            "demand": 16.0
        },
        "c12": {
            "x": 62.400002,
            "y": 52.099998,
            "demand": 19.0
        },
        "c13": {
            "x": 68.699997,
            "y": 58.5,
            "demand": 11.0
        },
        "c14": {
            "x": 70.800003,
            "y": 58.200001,
            "demand": 10.0
        },
        "c15": {
            "x": 70.300003,
            "y": 51.299999,
            "demand": 12.0
        },
        "c16": {
            "x": 68.400002,
            "y": 51.599998,
            "demand": 18.0
        },
        "c17": {
            "x": 70.400002,
            "y": 51.400002,
            "demand": 20.0
        },
        "c18": {
            "x": 68.0,
            "y": 54.200001,
            "demand": 10.0
        },
        "c19": {
            "x": 67.199997,
            "y": 50.599998,
            "demand": 12.0
        },
        "c20": {
            "x": 64.5,
            "y": 63.0,
            "demand": 19.0
        },
        "c21": {
            "x": 62.5,
            "y": 63.099998,
            "demand": 10.0
        },
        "c22": {
            "x": 74.099998,
            "y": 56.299999,
            "demand": 16.0
        },
        "c23": {
            "x": 68.400002,
            "y": 58.0,
            "demand": 18.0
        },
        "c24": {
            "x": 72.900002,
            "y": 59.900002,
            "demand": 12.0
        },
        "c25": {
            "x": 67.099998,
            "y": 62.599998,
            "demand": 13.0
        },
        "c26": {
            "x": 64.900002,
            "y": 50.700001,
            "demand": 19.0
        },
        "c27": {
            "x": 70.400002,
            "y": 50.799999,
            "demand": 14.0
        },
        "c28": {
            "x": 74.599998,
            "y": 58.200001,
            "demand": 13.0
        },
        "c29": {
            "x": 64.199997,
            "y": 54.799999,
            "demand": 11.0
        },
        "c30": {
            "x": 69.400002,
            "y": 60.0,
            "demand": 19.0
        },
        "c31": {
            "x": 74.0,
            "y": 51.400002,
            "demand": 18.0
        },
        "c32": {
            "x": 53.5,
            "y": 31.200001,
            "demand": 13.0
        },
        "c33": {
            "x": 47.799999,
            "y": 34.599998,
            "demand": 12.0
        },
        "c34": {
            "x": 50.5,
            "y": 41.799999,
            "demand": 12.0
        },
        "c35": {
            "x": 60.0,
            "y": 33.799999,
            "demand": 17.0
        },
        "c36": {
            "x": 54.400002,
            "y": 30.1,
            "demand": 20.0
        },
        "c37": {
            "x": 59.900002,
            "y": 35.700001,
            "demand": 17.0
        },
        "c38": {
            "x": 55.200001,
            "y": 38.900002,
            "demand": 15.0
        },
        "c39": {
            "x": 56.099998,
            "y": 39.400002,
            "demand": 18.0
        },
        "c40": {
            "x": 54.0,
            "y": 36.099998,
            "demand": 19.0
        },
        "c41": {
            "x": 50.799999,
            "y": 42.599998,
            "demand": 11.0
        },
        "c42": {
            "x": 51.099998,
            "y": 42.200001,
            "demand": 11.0
        },
        "c43": {
            "x": 55.0,
            "y": 34.5,
            "demand": 12.0
        },
        "c44": {
            "x": 46.599998,
            "y": 33.299999,
            "demand": 17.0
        },
        "c45": {
            "x": 53.099998,
            "y": 33.599998,
            "demand": 10.0
        },
        "c46": {
            "x": 55.900002,
            "y": 30.9,
            "demand": 18.0
        },
        "c47": {
            "x": 56.0,
            "y": 39.900002,
            "demand": 20.0
        },
        "c48": {
            "x": 52.099998,
            "y": 39.299999,
            "demand": 18.0
        },
        "c49": {
            "x": 46.900002,
            "y": 29.9,
            "demand": 10.0
        },
        "c50": {
            "x": 53.0,
            "y": 35.0,
            "demand": 15.0
        },
        "c51": {
            "x": 51.099998,
            "y": 33.400002,
            "demand": 14.0
        },
        "c52": {
            "x": 58.200001,
            "y": 34.599998,
            "demand": 18.0
        },
        "c53": {
            "x": 48.400002,
            "y": 38.900002,
            "demand": 10.0
        },
        "c54": {
            "x": 48.200001,
            "y": 33.299999,
            "demand": 10.0
        },
        "c55": {
            "x": 53.299999,
            "y": 41.599998,
            "demand": 18.0
        },
        "c56": {
            "x": 55.700001,
            "y": 37.299999,
            "demand": 10.0
        },
        "c57": {
            "x": 58.5,
            "y": 42.5,
            "demand": 13.0
        },
        "c58": {
            "x": 54.400002,
            "y": 32.0,
            "demand": 13.0
        },
        "c59": {
            "x": 52.900002,
            "y": 30.6,
            "demand": 12.0
        },
        "c60": {
            "x": 25.200001,
            "y": 33.299999,
            "demand": 16.0
        },
        "c61": {
            "x": 21.1,
            "y": 30.299999,
            "demand": 10.0
        },
        "c62": {
            "x": 33.400002,
            "y": 23.200001,
            "demand": 13.0
        },
        "c63": {
            "x": 31.4,
            "y": 25.700001,
            "demand": 19.0
        },
        "c64": {
            "x": 34.400002,
            "y": 27.700001,
            "demand": 17.0
        },
        "c65": {
            "x": 23.299999,
            "y": 25.5,
            "demand": 14.0
        },
        "c66": {
            "x": 27.799999,
            "y": 26.0,
            "demand": 20.0
        },
        "c67": {
            "x": 28.700001,
            "y": 29.799999,
            "demand": 19.0
        },
        "c68": {
            "x": 23.200001,
            "y": 27.1,
            "demand": 14.0
        },
        "c69": {
            "x": 23.9,
            "y": 28.299999,
            "demand": 19.0
        },
        "c70": {
            "x": 26.299999,
            "y": 35.099998,
            "demand": 17.0
        },
        "c71": {
            "x": 30.1,
            "y": 28.299999,
            "demand": 11.0
        },
        "c72": {
            "x": 33.700001,
            "y": 26.799999,
            "demand": 13.0
        },
        "c73": {
            "x": 31.6,