{
    "customers": {
        "c0": {
            "x": 80.5,
            "y": 21.0,
            "demand": 19.0
        },
        "c1": {
            "x": 90.099998,
            "y": 59.200001,
            "demand": 16.0
        },
        "c2": {
            "x": 91.199997,
            "y": 50.700001,
            "demand": 12.0
        },
        "c3": {
            "x": 92.199997,
            "y": 53.5,
            "demand": 10.0
        },
        "c4": {
            "x": 99.900002,
            "y": 54.299999,
            "demand": 11.0
        },
        "c5": {
            "x": 99.900002,
            "y": 53.0,
            "demand": 13.0
        },
        "c6": {
            "x": 98.300003,
            "y": 58.599998,
            "demand": 14.0
        },
        "c7": {
            "x": 99.900002,
            "y": 56.200001,
            "demand": 20.0
        },
        "c8": {
            "x": 89.699997,
            "y": 55.299999,
            "demand": 16.0
        },
        "c9": {
            "x": 90.400002,
            "y": 51.799999,
            "demand": 18.0
        },
        "c10": {
            "x": 96.400002,
            "y": 48.400002,
            "demand": 16.0
        },
        "c11": {
            "x": 99.900002,
            "y": 47.099998,
            "demand": 14.0
        },
        "c12": {
            "x": 99.300003,
            "y": 49.200001,
            "demand": 12.0
        },
        "c13": {
            "x": 99.900002,
            "y": 53.0,
            "demand": 11.0
        },
        "c14": {
            "x": 99.900002,
            "y": 47.5,
            "demand": 16.0
        },
        "c15": {
            "x": 99.900002,
            "y": 49.200001,
            "demand": 19.0
        },
        "c16": {
            "x": 98.099998,
            "y": 53.200001,
            "demand": 15.0
        },
        "c17": {
            "x": 99.900002,
            "y": 54.099998,
            "demand": 13.0
        },
        "c18": {
            "x": 62.700001,
            "y": 75.800003,
            "demand": 20.0
        },
        "c19": {
            "x": 69.900002,
            "y": 73.400002,
            "demand": 17.0
        },
        "c20": {
            "x": 74.400002,
            "y": 76.900002,
            "demand": 18.0
        },
        "c21": {
            "x": 62.799999,
            "y": 78.400002,
            "demand": 10.0
        },
        "c22": {
            "x": 72.5,
            "y": 81.199997,
            "demand": 11.0
        },
        "c23": {
            "x": 66.699997,
            "y": 81.800003,
            "demand": 19.0
        },
        "c24": {
            "x": 67.800003,
            "y": 84.900002,
            "demand": 13.0
        },
        "c25": {
            "x": 61.700001,
            "y": 78.699997,
            "demand": 17.0
        },
        "c26": {
            "x": 72.099998,
            "y": 81.199997,
            "demand": 15.0
        },
        "c27": {
            "x": 65.800003,
            "y": 83.5,
            "demand": 15.0
        },
        "c28": {
            "x": 65.400002,
            "y": 83.400002,
            "demand": 15.0
        },
        "c29": {
            "x": 67.599998,
            "y": 78.400002,
            "demand": 13.0
        },
        "c30": {
            "x": 73.0,
            "y": 81.0,
            "demand": 18.0
        },
        "c31": {
            "x": 62.799999,
            "y": 73.599998,
            "demand": 12.0
        },
        "c32": {
            "x": 71.699997,
            "y": 74.599998,
            "demand": 19.0
        },
        "c33": {
            "x": 64.0,
            "y": 83.099998,
            "demand": 11.0
        },
        "c34": {
            "x": 72.800003,
            "y": 76.599998,
            "demand": 16.0
        },
        "c35": {
            "x": 63.599998,
            "y": 74.199997,
            "demand": 10.0
        },
        "c36": {
            "x": 62.900002,
            "y": 81.5,
            "demand": 20.0
        },
        "c37": {
            "x": 71.800003,
            "y": 78.400002,
            "demand": 13.0
        },
        "c38": {
            "x": 69.800003,
            "y": 73.0,
            "demand": 20.0
        },
        "c39": {
            "x": 65.300003,
            "y": 74.0,
            "demand": 18.0
        },
        "c40": {
            "x": 94.099998,
            "y": 23.4,
            "demand": 16.0
        },
        "c41": {
            "x": 95.599998,
            "y": 27.299999,
            "demand": 20.0
        },
        "c42": {
            "x": 99.900002,
            "y": 22.5,
            "demand": 15.0
        },
        "c43": {
            "x": 93.800003,
            "y": 24.299999,
            "demand": 15.0
        },
        "c44": {
            "x": 94.199997,
            "y": 34.599998,
            "demand": 17.0
        },
        "c45": {
            "x": 97.400002,
            "y": 28.6,
            "demand": 10.0
        },
        "c46": {
            "x": 92.5,
            "y": 28.6,
            "demand": 13.0
        },
        "c47": {
            "x": 99.900002,
            "y": 22.5,
            "demand": 19.0
        },
        "c48": {
            "x": 98.699997,
            "y": 27.6,
            "demand": 18.0
        },
        "c49": {
            "x": 93.599998,
            "y": 28.299999,
            "demand": 17.0
        },
        "c50": {
            "x": 96.5,
            "y": 22.1,
            "demand": 12.0
        },
        "c51": {
            "x": 98.5,
            "y": 30.200001,
            "demand": 13.0
        },
        "c52": {
            "x": 91.900002,
            "y": 33.900002,
            "demand": 20.0
        },
        "c53": {
            "x": 99.900002,
            "y": 34.0,
            "demand": 19.0
        },
        "c54": {
            "x": 95.099998,
            "y": 25.5,
            "demand": 10.0
        },
        "c55": {
            "x": 96.400002,
            "y": 29.1,
            "demand": 18.0
        },
        "c56": {
            "x": 91.599998,
            "y": 25.299999,
            "demand": 10.0
        },
        "c57": {
            "x": 99.900002,
            "y": 34.700001,
            "demand": 19.0
        },
        "c58": {
            "x": 99.900002,
            "y": 22.1,
            "demand": 19.0
        },
        "c59": {
            "x": 99.599998,
            "y": 24.6,
            "demand": 12.0
        },
        "c60": {
            "x": 94.599998,
            "y": 27.299999,
            "demand": 14.0
        },
        "c61": {
            "x": 8.5,
            "y": 67.199997,
            "demand": 20.0
        },
        "c62": {
            "x": 21.700001,
            "y": 69.099998,
            "demand": 10.0
        },
        "c63": {
            "x": 19.700001,
            "y": 68.5,
            "demand": 10.0
        },
        "c64": {
            "x": 11.4,
            "y": 69.0,
            "demand": 14.0
        },
        "c65": {
            "x": 16.299999,
            "y": 77.800003,
            "demand": 18.0
        },
        "c66": {
            "x": 21.1,
            "y": 67.300003,
            "demand": 16.0
        },
        "c67": {
            "x": 13.2,
            "y": 75.199997,
            "demand": 19.0
        },
        "c68": {
            "x": 9.2,
            "y": 70.0,
            "demand": 14.0
        },
        "c69": {
            "x": 11.5,
            "y": 77.900002,
            "demand": 10.0
        },
        "c70": {
            "x": 11.2,
            "y": 74.099998,
            "demand": 11.0
        },
        "c71": {
            "x": 20.4,
            "y": 71.199997,
            "demand": 12.0
        },
        "c72": {
            "x": 13.4,
            "y": 74.699997,
            "demand": 10.0
        },
        "c73": {
            "x": 12.3,
            "y": 69.900002,