{
    "customers": {
        "c0": {
            "x": 15.3,
            "y": 32.599998,
            "demand": 15.0
        },
        "c1": {
            "x": 16.9,
            "y": 22.299999,
            "demand": 18.0
        },
        "c2": {
            "x": 25.200001,
            "y": 37.5,
            "demand": 19.0
        },
        "c3": {
            "x": 24.5,
            "y": 31.799999,
            "demand": 18.0
        },
        "c4": {
            "x": 23.9,
            "y": 38.299999,
            "demand": 19.0
        },
        "c5": {
            "x": 22.5,
            "y": 26.9,
            "demand": 18.0
        },
        "c6": {
            "x": 18.200001,
            "y": 31.799999,
            "demand": 16.0
        },
        "c7": {
            "x": 9.6,
            "y": 25.9,
            "demand": 11.0
        },
        "c8": {
            "x": 20.200001,
            "y": 21.5,
            "demand": 19.0
        },
        "c9": {
            "x": 15.9,
            "y": 30.799999,
            "demand": 14.0
        },
        "c10": {
            "x": 17.0,
            "y": 34.799999,
            "demand": 10.0
        },
        "c11": {
            "x": 9.6,
            "y": 23.299999,
            "demand": 17.0
        },
        "c12": {
            "x": 9.9,
            "y": 27.5,
            "demand": 10.0
        },
        "c13": {
            "x": 23.799999,
            "y": 36.5,
            "demand": 14.0
        },
        "c14": {
            "x": 11.8,
            "y": 37.5,
            "demand": 20.0
        },
        "c15": {
            "x": 19.6,
            "y": 22.4,
            "demand": 17.0
        },
        "c16": {
            "x": 19.0,
            "y": 32.299999,
            "demand": 17.0
        },
        "c17": {
            "x": 24.6,
            "y": 35.5,
            "demand": 16.0
        },
        "c18": {
            "x": 20.4,
            "y": 30.9,
            "demand": 10.0
        },
        "c19": {
            "x": 20.9,
            "y": 36.299999,
            "demand": 16.0
        },
        "c20": {
            "x": 10.7,
            "y": 25.9,
            "demand": 18.0
        },
        "c21": {
            "x": 21.0,
            "y": 30.4,
            "demand": 20.0
        },
        "c22": {
            "x": 10.7,
            "y": 34.599998,
            "demand": 20.0
        },
        "c23": {
            "x": 11.5,
            "y": 28.4,
            "demand": 20.0
        },
        "c24": {
            "x": 13.6,
            "y": 25.799999,
            "demand": 11.0
        },
        "c25": {
            "x": 25.0,
            "y": 33.5,
            "demand": 10.0
        },
        "c26": {
            "x": 25.5,
            "y": 35.5,
            "demand": 11.0
        },
        "c27": {
            "x": 20.0,
            "y": 32.299999,
            "demand": 13.0
        },
        "c28": {
            "x": 25.799999,
            "y": 23.6,
            "demand": 16.0
        },
        "c29": {
            "x": 19.4,
            "y": 35.700001,
            "demand": 14.0
        },
        "c30": {
            "x": 20.0,
            "y": 35.900002,
            "demand": 13.0
        },
        "c31": {
            "x": 20.700001,
            "y": 29.5,
            "demand": 12.0
        },
        "c32": {
            "x": 23.700001,
            "y": 27.700001,
            "demand": 13.0
        },
        "c33": {
            "x": 22.200001,
            "y": 22.9,
            "demand": 18.0
        },
        "c34": {
            "x": 21.200001,
            "y": 36.0,
            "demand": 18.0
        },
        "c35": {
            "x": 21.4,
            "y": 38.400002,
            "demand": 12.0
        },
        "c36": {
            "x": 18.5,
            "y": 31.4,
            "demand": 16.0
        },
        "c37": {
            "x": 16.700001,
            "y": 33.799999,
            "demand": 16.0
        },
        "c38": {
            "x": 25.1,
            "y": 38.5,
            "demand": 14.0
        },
        "c39": {
            "x": 19.200001,
            "y": 27.0,
            "demand": 20.0
        },
        "c40": {
            "x": 20.200001,
            "y": 30.4,
            "demand": 13.0
        },
        "c41": {
            "x": 24.799999,
            "y": 28.6,
            "demand": 17.0
        },
        "c42": {
            "x": 14.0,
            "y": 22.4,
            "demand": 17.0
        },
        "c43": {
            "x": 19.6,
            "y": 30.4,
            "demand": 10.0
        },
        "c44": {
            "x": 15.6,
            "y": 30.799999,
            "demand": 15.0
        },
        "c45": {
            "x": 25.1,
            "y": 27.200001,
            "demand": 10.0
        },
        "c46": {
            "x": 16.700001,
            "y": 31.0,
            "demand": 10.0
        },
        "c47": {
            "x": 13.7,
            "y": 27.299999,
            "demand": 10.0
        },
        "c48": {
            "x": 15.7,
            "y": 36.400002,
            "demand": 14.0
        },
        "c49": {
            "x": 58.599998,
            "y": 59.700001,
            "demand": 15.0
        },
        "c50": {
            "x": 51.700001,
            "y": 60.900002,
            "demand": 12.0
        },
        "c51": {
            "x": 50.799999,
            "y": 49.700001,
            "demand": 14.0
        },
        "c52": {
            "x": 47.099998,
            "y": 48.299999,
            "demand": 16.0
        },
        "c53": {
            "x": 58.900002,
            "y": 57.799999,
            "demand": 19.0
        },
        "c54": {
            "x": 50.700001,
            "y": 48.599998,
            "demand": 18.0
        },
        "c55": {
            "x": 45.299999,
            "y": 53.700001,
            "demand": 16.0
        },
        "c56": {
            "x": 46.700001,
            "y": 60.099998,
            "demand": 12.0
        },
        "c57": {
            "x": 53.799999,
            "y": 59.0,
            "demand": 11.0
        },
        "c58": {
            "x": 52.200001,
            "y": 48.200001,
            "demand": 17.0
        },
        "c59": {
            "x": 57.200001,
            "y": 61.900002,
            "demand": 20.0
        },
        "c60": {
            "x": 56.599998,
            "y": 51.400002,
            "demand": 14.0
        },
        "c61": {
            "x": 48.099998,
            "y": 57.0,
            "demand": 14.0
        },
        "c62": {
            "x": 52.200001,
            "y": 47.900002,
            "demand": 17.0
        },
        "c63": {
            "x": 46.900002,
            "y": 62.200001,
            "demand": 14.0
        },
        "c64": {
            "x": 48.200001,
            "y": 48.200001,
            "demand": 18.0
        },
        "c65": {
            "x": 44.799999,
            "y": 54.0,
            "demand": 20.0
        },
        "c66": {
            "x": 61.5,
            "y": 57.400002,
            "demand": 20.0
        },
        "c67": {
            "x": 46.0,
            "y": 48.299999,
            "demand": 15.0
        },
        "c68": {
            "x": 50.0,
            "y": 48.799999,
            "demand": 18.0
        },
        "c69": {
            "x": 52.900002,
            "y": 51.700001,
            "demand": 14.0
        },
        "c70": {
            "x": 57.700001,
            "y": 61.099998,
            "demand": 17.0
        },
        "c71": {
            "x": 57.0,
            "y": 54.400002,
            "demand": 19.0
        },
        "c72": {
            "x": 50.5,
            "y": 57.700001,
            "demand": 13.0
        },
        "c73": {
            "x": 61.400002,
            "y": 60.599998,
            "demand": 15.0
        },
        "c74": {
            "x": 46.299999,
            "y": 50.5,
            "demand": 12.0
        },