{
    "customers": {
        "c0": {
            "x": 60.099998,
            "y": 71.0,
            "demand": 13.0
        },
        "c1": {
            "x": 11.8,
            "y": 36.200001,
            "demand": 20.0
        },
        "c2": {
            "x": 17.6,
            "y": 31.6,
            "demand": 11.0
        },
        "c3": {
            "x": 85.0,
            "y": 39.799999,
            "demand": 12.0
        },
        "c4": {
            "x": 25.5,
            "y": 22.6,
            "demand": 17.0
        },
        "c5": {
            "x": 66.400002,
            "y": 68.599998,
            "demand": 12.0
        },
        "c6": {
            "x": 71.099998,
            "y": 16.200001,
            "demand": 12.0
        },
        "c7": {
            "x": 31.5,
            "y": 64.199997,
            "demand": 12.0
        },
        "c8": {
            "x": 69.599998,
            "y": 91.5,
            "demand": 16.0
        },
        "c9": {
            "x": 98.300003,
            "y": 12.8,
            "demand": 17.0
        },
        "c10": {
            "x": 56.0,
            "y": 46.5,
            "demand": 18.0
        },
        "c11": {
            "x": 13.4,
            "y": 94.099998,
            "demand": 11.0
        },
        "c12": {
            "x": 77.300003,
            "y": 7.6,
            "demand": 16.0
        },
        "c13": {
            "x": 12.7,
            "y": 48.799999,
            "demand": 19.0
        },
        "c14": {
            "x": 38.700001,
            "y": 68.900002,
            "demand": 17.0
        },
        "c15": {
            "x": 25.1,
            "y": 12.9,
            "demand": 20.0
        },
        "c16": {
            "x": 90.199997,
            "y": 2.6,
            "demand": 11.0
        },
        "c17": {
            "x": 87.199997,
            "y": 32.400002,
            "demand": 15.0
        },
        "c18": {
            "x": 50.400002,
            "y": 95.5,
            "demand": 10.0
        },
        "c19": {
            "x": 98.900002,
            "y": 51.900002,
            "demand": 17.0
        },
        "c20": {
            "x": 16.5,
            "y": 90.0,
            "demand": 20.0
        },
        "c21": {
            "x": 56.099998,
            "y": 74.900002,
            "demand": 16.0
        },
        "c22": {
            "x": 68.0,
            "y": 22.4,
            "demand": 10.0
        },
        "c23": {
            "x": 12.0,
            "y": 95.400002,
            "demand": 19.0
        },
        "c24": {
            "x": 62.700001,
            "y": 36.400002,
            "demand": 17.0
        },
        "c25": {
            "x": 44.200001,
            "y": 3.4,
            "demand": 10.0
        },
        "c26": {
            "x": 64.599998,
            "y": 67.699997,
            "demand": 10.0
        },
        "c27": {
            "x": 71.5,
            "y": 76.5,
            "demand": 19.0
        },
        "c28": {
            "x": 64.900002,
            "y": 79.199997,
            "demand": 11.0
        },
        "c29": {
            "x": 68.0,
            "y": 69.800003,
            "demand": 20.0
        },
        "c30": {
            "x": 60.5,
            "y": 78.900002,
            "demand": 11.0
        },
        "c31": {
            "x": 68.699997,
            "y": 81.099998,
            "demand": 13.0
        },
        "c32": {
            "x": 69.699997,
            "y": 68.0,
            "demand": 14.0
        },
        "c33": {
            "x": 65.400002,
            "y": 74.300003,
            "demand": 12.0
        },
        "c34": {
            "x": 58.200001,
            "y": 76.0,
            "demand": 20.0
        },
        "c35": {
            "x": 63.5,
            "y": 65.5,
            "demand": 11.0
        },
        "c36": {
            "x": 62.099998,
            "y": 76.5,
            "demand": 14.0
        },
        "c37": {
            "x": 56.599998,
            "y": 81.599998,
            "demand": 16.0
        },
        "c38": {
            "x": 69.800003,
            "y": 75.300003,
            "demand": 16.0
        },
        "c39": {
            "x": 72.400002,
            "y": 68.699997,
            "demand": 18.0
        },
        "c40": {
            "x": 66.599998,
            "y": 77.199997,
            "demand": 14.0
        },
        "c41": {
            "x": 67.800003,
            "y": 74.0,
            "demand": 20.0
        },
        "c42": {
            "x": 63.099998,
            "y": 72.099998,
            "demand": 19.0
        },
        "c43": {
            "x": 69.400002,
            "y": 68.400002,
            "demand": 10.0
        },
        "c44": {
            "x": 62.400002,
            "y": 75.099998,
            "demand": 17.0
        },
        "c45": {
            "x": 63.5,
            "y": 81.599998,
            "demand": 10.0
        },
        "c46": {
            "x": 56.700001,
            "y": 77.400002,
            "demand": 12.0
        },
        "c47": {
            "x": 69.199997,
            "y": 65.199997,
            "demand": 16.0
        },
        "c48": {
            "x": 70.199997,
            "y": 65.300003,
            "demand": 19.0
        },
        "c49": {
            "x": 68.900002,
            "y": 66.0,
            "demand": 14.0
        },
        "c50": {
            "x": 69.300003,
            "y": 65.800003,
            "demand": 19.0
        },
        "c51": {
            "x": 62.200001,
            "y": 81.699997,
            "demand": 13.0
        },
        "c52": {
            "x": 72.800003,
            "y": 81.699997,
            "demand": 10.0
        },
        "c53": {
            "x": 56.900002,
            "y": 74.900002,
            "demand": 17.0
        },
        "c54": {
            "x": 64.5,
            "y": 66.599998,
            "demand": 20.0
        },
        "c55": {
            "x": 65.099998,
            "y": 76.5,
            "demand": 15.0
        },
        "c56": {
            "x": 67.900002,
            "y": 66.699997,
            "demand": 18.0
        },
        "c57": {
            "x": 65.800003,
            "y": 81.800003,
            "demand": 11.0
        },
        "c58": {
            "x": 58.200001,
            "y": 77.800003,
            "demand": 14.0
        },
        "c59": {
            "x": 58.900002,
            "y": 72.699997,
            "demand": 14.0
        },
        "c60": {
            "x": 59.099998,
            "y": 69.900002,
            "demand": 11.0
        },
        "c61": {
            "x": 59.5,
            "y": 71.0,
            "demand": 17.0
        },
        "c62": {
            "x": 64.900002,
            "y": 77.699997,
            "demand": 13.0
        },
        "c63": {
            "x": 65.599998,
            "y": 79.599998,
            "demand": 10.0
        },
        "c64": {
            "x": 71.800003,
            "y": 71.400002,
            "demand": 14.0
        },
        "c65": {
            "x": 69.199997,
            "y": 77.400002,
            "demand": 16.0
        },
        "c66": {
            "x": 65.300003,
            "y": 73.300003,
            "demand": 13.0
        },
        "c67": {
            "x": 99.900002,
            "y": 81.699997,
            "demand": 12.0
        },
        "c68": {
            "x": 99.900002,
            "y": 82.099998,
            "demand": 19.0
        },
        "c69": {
            "x": 98.5,
            "y": 72.0,
            "demand": 17.0
        },
        "c70": {
            "x": 94.0,
            "y": 67.0,
            "demand": 10.0
        },
        "c71": {
            "x": 98.0,
            "y": 77.900002,
            "demand": 16.0
        },
        "c72": {
            "x": 90.900002,
            "y": 77.400002,
            "demand": 10.0
        },
        "c73": {
            "x": 99.900002,
            "y": 76.699997,
            "demand": 20.0
        },