{
    "customers": {
        "c0": {
            "x": 46.099998,
            "y": 28.6,
            "demand": 18.0
        },
        "c1": {
            "x": 6.9,
            "y": 42.200001,
            "demand": 15.0
        },
        "c2": {
            "x": 44.700001,
            "y": 19.299999,
            "demand": 17.0
        },
        "c3": {
            "x": 18.9,
            "y": 29.0,
            "demand": 15.0
        },
        "c4": {
            "x": 93.400002,
            "y": 12.2,
            "demand": 17.0
        },
        "c5": {
            "x": 28.5,
            "y": 89.099998,
            "demand": 12.0
        },
        "c6": {
            "x": 61.0,
            "y": 58.299999,
            "demand": 20.0
        },
        "c7": {
            "x": 67.400002,
            "y": 92.800003,
            "demand": 12.0
        },
        "c8": {
            "x": 95.300003,
            "y": 44.5,
            "demand": 20.0
        },
        "c9": {
            "x": 78.599998,
            "y": 8.1,
            "demand": 20.0
        },
        "c10": {
            "x": 10.1,
            "y": 68.800003,
            "demand": 17.0
        },
        "c11": {
            "x": 14.1,
            "y": 62.900002,
            "demand": 10.0
        },
        "c12": {
            "x": 98.599998,
            "y": 78.400002,
            "demand": 10.0
        },
        "c13": {
            "x": 55.799999,
            "y": 96.199997,
            "demand": 13.0
        },
        "c14": {
            "x": 58.900002,
            "y": 82.599998,
            "demand": 17.0
        },
        "c15": {
            "x": 94.0,
            "y": 57.099998,
            "demand": 14.0
        },
        "c16": {
            "x": 90.5,
            "y": 78.199997,
            "demand": 15.0
        },
        "c17": {
            "x": 7.3,
            "y": 24.5,
            "demand": 12.0
        },
        "c18": {
            "x": 99.900002,
            "y": 4.1,
            "demand": 17.0
        },
        "c19": {
            "x": 99.900002,
            "y": 6.5,
            "demand": 12.0
        },
        "c20": {
            "x": 91.599998,
            "y": 8.4,
            "demand": 20.0
        },
        "c21": {
            "x": 90.099998,
            "y": 1.7,
            "demand": 16.0
        },
        "c22": {
            "x": 94.400002,
            "y": 5.2,
            "demand": 19.0
        },
        "c23": {
            "x": 98.0,
            "y": 4.4,
            "demand": 19.0
        },
        "c24": {
            "x": 96.5,
            "y": 9.0,
            "demand": 20.0
        },
        "c25": {
            "x": 90.300003,
            "y": 10.9,
            "demand": 14.0
        },
        "c26": {
            "x": 95.699997,
            "y": 0.8,
            "demand": 17.0
        },
        "c27": {
            "x": 91.599998,
            "y": 9.8,
            "demand": 15.0
        },
        "c28": {
            "x": 89.699997,
            "y": 0.6,
            "demand": 16.0
        },
        "c29": {
            "x": 99.900002,
            "y": 4.1,
            "demand": 12.0
        },
        "c30": {
            "x": 97.5,
            "y": 2.5,
            "demand": 20.0
        },
        "c31": {
            "x": 99.900002,
            "y": 12.1,
            "demand": 13.0
        },
        "c32": {
            "x": 93.800003,
            "y": 10.8,
            "demand": 13.0
        },
        "c33": {
            "x": 99.900002,
            "y": 12.0,
            "demand": 17.0
        },
        "c34": {
            "x": 99.900002,
            "y": 5.4,
            "demand": 18.0
        },
        "c35": {
            "x": 90.900002,
            "y": 0.0,
            "demand": 10.0
        },
        "c36": {
            "x": 61.0,
            "y": 60.0,
            "demand": 12.0
        },
        "c37": {
            "x": 59.799999,
            "y": 56.0,
            "demand": 19.0
        },
        "c38": {
            "x": 63.200001,
            "y": 63.299999,
            "demand": 19.0
        },
        "c39": {
            "x": 61.400002,
            "y": 62.5,
            "demand": 11.0
        },
        "c40": {
            "x": 64.0,
            "y": 62.700001,
            "demand": 10.0
        },
        "c41": {
            "x": 61.400002,
            "y": 60.0,
            "demand": 11.0
        },
        "c42": {
            "x": 59.400002,
            "y": 51.200001,
            "demand": 16.0
        },
        "c43": {
            "x": 56.799999,
            "y": 51.200001,
            "demand": 20.0
        },
        "c44": {
            "x": 63.0,
            "y": 57.299999,
            "demand": 19.0
        },
        "c45": {
            "x": 68.099998,
            "y": 64.400002,
            "demand": 11.0
        },
        "c46": {
            "x": 56.599998,
            "y": 54.700001,
            "demand": 14.0
        },
        "c47": {
            "x": 67.099998,
            "y": 55.0,
            "demand": 17.0
        },
        "c48": {
            "x": 59.5,
            "y": 51.900002,
            "demand": 13.0
        },
        "c49": {
            "x": 67.599998,
            "y": 53.900002,
            "demand": 16.0
        },
        "c50": {
            "x": 55.700001,
            "y": 54.200001,
            "demand": 12.0
        },
        "c51": {
            "x": 57.700001,
            "y": 61.900002,
            "demand": 10.0
        },
        "c52": {
            "x": 61.700001,
            "y": 62.700001,
            "demand": 13.0
        },
        "c53": {
            "x": 32.400002,
            "y": 22.4,
            "demand": 10.0
        },
        "c54": {
            "x": 34.900002,
            "y": 23.9,
            "demand": 14.0
        },
        "c55": {
            "x": 25.9,
            "y": 30.9,
            "demand": 18.0
        },
        "c56": {
            "x": 30.5,
            "y": 27.0,
            "demand": 12.0
        },
        "c57": {
            "x": 22.799999,
            "y": 30.6,
            "demand": 14.0
        },
        "c58": {
            "x": 35.400002,
            "y": 24.700001,
            "demand": 15.0
        },
        "c59": {
            "x": 30.1,
            "y": 28.6,
            "demand": 11.0
        },
        "c60": {
            "x": 27.9,
            "y": 30.700001,
            "demand": 17.0
        },
        "c61": {
            "x": 32.700001,
            "y": 23.700001,
            "demand": 15.0
        },
        "c62": {
            "x": 28.6,
            "y": 32.0,
            "demand": 12.0
        },
        "c63": {
            "x": 26.1,
            "y": 26.9,
            "demand": 19.0
        },
        "c64": {
            "x": 35.799999,
            "y": 29.299999,
            "demand": 17.0
        },
        "c65": {
            "x": 33.0,
            "y": 23.9,
            "demand": 12.0
        },
        "c66": {
            "x": 23.200001,
            "y": 24.299999,
            "demand": 13.0
        },
        "c67": {
            "x": 29.4,
            "y": 31.5,
            "demand": 10.0
        },
        "c68": {
            "x": 30.1,
            "y": 31.0,
            "demand": 11.0
        },
        "c69": {
            "x": 83.0,
            "y": 70.400002,
            "demand": 13.0
        },
        "c70": {
            "x": 89.900002,
            "y": 74.099998,
            "demand": 12.0
        },
        "c71": {
            "x": 87.699997,
            "y": 77.300003,
            "demand": 16.0
        },
        "c72": {
            "x": 89.800003,
            "y": 82.400002,
            "demand": 19.0
        },
        "c73": {
            "x": 83.599998,
            "y": 78.099998,
            "demand": 12.0
        },
        "c74": {
            "x": 87.300003,
            "y": 72.800003,
            "demand": 19.0
        },