{
    "customers": {
        "c0": {
            "x": 34.400002,
            "y": 42.0,
            "demand": 14.0
        },
        "c1": {
            "x": 44.400002,
            "y": 53.799999,
            "demand": 19.0
        },
        "c2": {
            "x": 37.0,
            "y": 53.400002,
            "demand": 10.0
        },
        "c3": {
            "x": 40.200001,
            "y": 57.700001,
            "demand": 10.0
        },
        "c4": {
            "x": 43.5,
            "y": 56.299999,
            "demand": 18.0
        },
        "c5": {
            "x": 34.5,
            "y": 54.700001,
            "demand": 15.0
        },
        "c6": {
            "x": 37.599998,
            "y": 52.700001,
            "demand": 14.0
        },
        "c7": {
            "x": 36.599998,
            "y": 52.0,
            "demand": 17.0
        },
        "c8": {
            "x": 35.700001,
            "y": 51.700001,
            "demand": 12.0
        },
        "c9": {
            "x": 47.200001,
            "y": 42.0,
            "demand": 15.0
        },
        "c10": {
            "x": 44.099998,
            "y": 56.700001,
            "demand": 14.0
        },
        "c11": {
            "x": 45.900002,
            "y": 52.200001,
            "demand": 19.0
        },
        "c12": {
            "x": 31.799999,
            "y": 57.799999,
            "demand": 13.0
        },
        "c13": {
            "x": 32.299999,
            "y": 55.400002,
            "demand": 16.0
        },
        "c14": {
            "x": 42.5,
            "y": 42.400002,
            "demand": 18.0
        },
        "c15": {
            "x": 34.700001,
            "y": 51.299999,
            "demand": 19.0
        },
        "c16": {
            "x": 34.200001,
            "y": 50.099998,
            "demand": 14.0
        },
        "c17": {
            "x": 42.400002,
            "y": 48.599998,
            "demand": 15.0
        },
        "c18": {
            "x": 35.799999,
            "y": 42.5,
            "demand": 10.0
        },
        "c19": {
            "x": 37.599998,
            "y": 48.5,
            "demand": 11.0
        },
        "c20": {
            "x": 36.0,
            "y": 42.0,
            "demand": 14.0
        },
        "c21": {
            "x": 33.5,
            "y": 48.299999,
            "demand": 13.0
        },
        "c22": {
            "x": 32.099998,
            "y": 48.099998,
            "demand": 15.0
        },
        "c23": {
            "x": 45.599998,
            "y": 48.5,
            "demand": 20.0
        },
        "c24": {
            "x": 45.0,
            "y": 44.400002,
            "demand": 20.0
        },
        "c25": {
            "x": 35.200001,
            "y": 53.799999,
            "demand": 16.0
        },
        "c26": {
            "x": 44.099998,
            "y": 55.200001,
            "demand": 11.0
        },
        "c27": {
            "x": 43.5,
            "y": 44.700001,
            "demand": 16.0
        },
        "c28": {
            "x": 43.099998,
            "y": 50.299999,
            "demand": 19.0
        },
        "c29": {
            "x": 32.799999,
            "y": 51.700001,
            "demand": 11.0
        },
        "c30": {
            "x": 38.0,
            "y": 47.700001,
            "demand": 18.0
        },
        "c31": {
            "x": 42.400002,
            "y": 54.200001,
            "demand": 13.0
        },
        "c32": {
            "x": 44.5,
            "y": 55.400002,
            "demand": 19.0
        },
        "c33": {
            "x": 32.900002,
            "y": 47.5,
            "demand": 20.0
        },
        "c34": {
            "x": 37.400002,
            "y": 54.900002,
            "demand": 13.0
        },
        "c35": {
            "x": 40.200001,
            "y": 50.900002,
            "demand": 11.0
        },
        "c36": {
            "x": 46.700001,
            "y": 44.200001,
            "demand": 15.0
        },
        "c37": {
            "x": 34.400002,
            "y": 56.599998,
            "demand": 11.0
        },
        "c38": {
            "x": 36.5,
            "y": 47.099998,
            "demand": 20.0
        },
        "c39": {
            "x": 43.599998,
            "y": 46.799999,
            "demand": 13.0
        },
        "c40": {
            "x": 41.200001,
            "y": 44.099998,
            "demand": 14.0
        },
        "c41": {
            "x": 35.400002,
            "y": 58.900002,
            "demand": 19.0
        },
        "c42": {
            "x": 45.0,
            "y": 46.200001,
            "demand": 13.0
        },
        "c43": {
            "x": 42.299999,
            "y": 48.299999,
            "demand": 16.0
        },
        "c44": {
            "x": 36.799999,
            "y": 43.200001,
            "demand": 16.0
        },
        "c45": {
            "x": 42.099998,
            "y": 53.400002,
            "demand": 10.0
        },
        "c46": {
            "x": 34.5,
            "y": 53.099998,
            "demand": 11.0
        },
        "c47": {
            "x": 39.200001,
            "y": 53.799999,
            "demand": 18.0
        },
        "c48": {
            "x": 40.700001,
            "y": 49.799999,
            "demand": 11.0
        },
        "c49": {
            "x": 32.799999,
            "y": 56.099998,
            "demand": 20.0
        },
        "c50": {
            "x": 35.599998,
            "y": 48.799999,
            "demand": 16.0
        },
        "c51": {
            "x": 45.900002,
            "y": 48.700001,
            "demand": 14.0
        },
        "c52": {
            "x": 60.700001,
            "y": 4.3,
            "demand": 18.0
        },
        "c53": {
            "x": 61.700001,
            "y": 4.9,
            "demand": 12.0
        },
        "c54": {
            "x": 66.599998,
            "y": 13.9,
            "demand": 19.0
        },
        "c55": {
            "x": 65.300003,
            "y": 11.6,
            "demand": 16.0
        },
        "c56": {
            "x": 64.900002,
            "y": 5.0,
            "demand": 10.0
        },
        "c57": {
            "x": 73.300003,
            "y": 11.2,
            "demand": 11.0
        },
        "c58": {
            "x": 64.199997,
            "y": 11.9,
            "demand": 15.0
        },
        "c59": {
            "x": 66.800003,
            "y": 0.0,
            "demand": 11.0
        },
        "c60": {
            "x": 66.699997,
            "y": 3.9,
            "demand": 12.0
        },
        "c61": {
            "x": 73.800003,
            "y": 10.1,
            "demand": 15.0
        },
        "c62": {
            "x": 67.599998,
            "y": 6.5,
            "demand": 10.0
        },
        "c63": {
            "x": 68.0,
            "y": 9.5,
            "demand": 12.0
        },
        "c64": {
            "x": 76.099998,
            "y": 5.6,
            "demand": 11.0
        },
        "c65": {
            "x": 72.400002,
            "y": 6.4,
            "demand": 13.0
        },
        "c66": {
            "x": 76.0,
            "y": 10.1,
            "demand": 11.0
        },
        "c67": {
            "x": 65.900002,
            "y": 0.0,
            "demand": 19.0
        },
        "c68": {
            "x": 69.300003,
            "y": 0.0,
            "demand": 18.0
        },
        "c69": {
            "x": 67.0,
            "y": 13.1,
            "demand": 15.0
        },
        "c70": {
            "x": 75.800003,
            "y": 15.3,
            "demand": 19.0
        },
        "c71": {
            "x": 68.800003,
            "y": 0.1,
            "demand": 12.0
        },
        "c72": {
            "x": 70.599998,
            "y": 1.4,
            "demand": 17.0
        },
        "c73": {
            "x": 66.199997,
            "y": 2.5,
            "demand": 12.0
        },