{
    "customers": {
        "c0": {
            "x": 81.199997,
            "y": 91.5,
            "demand": 20.0
        },
        "c1": {
            "x": 0.3,
            "y": 72.099998,
            "demand": 11.0
        },
        "c2": {
            "x": 54.400002,
            "y": 94.800003,
            "demand": 19.0
        },
        "c3": {
            "x": 31.799999,
            "y": 13.4,
            "demand": 12.0
        },
        "c4": {
            "x": 94.400002,
            "y": 53.799999,
            "demand": 20.0
        },
        "c5": {
            "x": 57.400002,
            "y": 54.099998,
            "demand": 18.0
        },
        "c6": {
            "x": 18.6,
            "y": 58.599998,
            "demand": 11.0
        },
        "c7": {
            "x": 21.700001,
            "y": 66.099998,
            "demand": 15.0
        },
        "c8": {
            "x": 3.7,
            "y": 24.4,
            "demand": 10.0
        },
        "c9": {
            "x": 65.900002,
            "y": 68.800003,
            "demand": 11.0
        },
        "c10": {
            "x": 15.1,
            "y": 92.599998,
            "demand": 18.0
        },
        "c11": {
            "x": 47.799999,
            "y": 2.5,
            "demand": 18.0
        },
        "c12": {
            "x": 65.0,
            "y": 55.900002,
            "demand": 14.0
        },
        "c13": {
            "x": 17.4,
            "y": 5.7,
            "demand": 18.0
        },
        "c14": {
            "x": 66.300003,
            "y": 59.700001,
            "demand": 13.0
        },
        "c15": {
            "x": 81.400002,
            "y": 23.200001,
            "demand": 13.0
        },
        "c16": {
            "x": 80.900002,
            "y": 17.299999,
            "demand": 20.0
        },
        "c17": {
            "x": 77.300003,
            "y": 23.5,
            "demand": 20.0
        },
        "c18": {
            "x": 83.300003,
            "y": 14.4,
            "demand": 13.0
        },
        "c19": {
            "x": 87.599998,
            "y": 21.6,
            "demand": 16.0
        },
        "c20": {
            "x": 85.699997,
            "y": 22.9,
            "demand": 14.0
        },
        "c21": {
            "x": 75.0,
            "y": 15.7,
            "demand": 10.0
        },
        "c22": {
            "x": 74.199997,
            "y": 23.9,
            "demand": 19.0
        },
        "c23": {
            "x": 78.300003,
            "y": 20.299999,
            "demand": 17.0
        },
        "c24": {
            "x": 72.5,
            "y": 30.4,
            "demand": 16.0
        },
        "c25": {
            "x": 72.099998,
            "y": 25.9,
            "demand": 11.0
        },
        "c26": {
            "x": 80.5,
            "y": 26.299999,
            "demand": 13.0
        },
        "c27": {
            "x": 72.400002,
            "y": 18.200001,
            "demand": 10.0
        },
        "c28": {
            "x": 77.0,
            "y": 17.9,
            "demand": 14.0
        },
        "c29": {
            "x": 76.199997,
            "y": 15.1,
            "demand": 18.0
        },
        "c30": {
            "x": 73.300003,
            "y": 20.0,
            "demand": 18.0
        },
        "c31": {
            "x": 85.300003,
            "y": 17.9,
            "demand": 19.0
        },
        "c32": {
            "x": 85.300003,
            "y": 25.200001,
            "demand": 10.0
        },
        "c33": {
            "x": 88.300003,
            "y": 28.299999,
            "demand": 18.0
        },
        "c34": {
            "x": 86.5,
            "y": 24.299999,
            "demand": 18.0
        },
        "c35": {
            "x": 77.0,
            "y": 24.6,
            "demand": 12.0
        },
        "c36": {
            "x": 85.099998,
            "y": 18.700001,
            "demand": 12.0
        },
        "c37": {
            "x": 86.5,
            "y": 16.5,
            "demand": 18.0
        },
        "c38": {
            "x": 76.0,
            "y": 30.6,
            "demand": 13.0
        },
        "c39": {
            "x": 74.300003,
            "y": 17.9,
            "demand": 19.0
        },
        "c40": {
            "x": 82.300003,
            "y": 20.299999,
            "demand": 10.0
        },
        "c41": {
            "x": 16.5,
            "y": 13.5,
            "demand": 17.0
        },
        "c42": {
            "x": 14.5,
            "y": 3.8,
            "demand": 14.0
        },
        "c43": {
            "x": 6.0,
            "y": 5.0,
            "demand": 10.0
        },
        "c44": {
            "x": 2.8,
            "y": 7.9,
            "demand": 17.0
        },
        "c45": {
            "x": 14.2,
            "y": 17.0,
            "demand": 20.0
        },
        "c46": {
            "x": 0.0,
            "y": 9.2,
            "demand": 17.0
        },
        "c47": {
            "x": 0.2,
            "y": 13.6,
            "demand": 20.0
        },
        "c48": {
            "x": 5.6,
            "y": 8.6,
            "demand": 15.0
        },
        "c49": {
            "x": 3.7,
            "y": 15.4,
            "demand": 20.0
        },
        "c50": {
            "x": 13.8,
            "y": 12.6,
            "demand": 15.0
        },
        "c51": {
            "x": 4.1,
            "y": 18.299999,
            "demand": 11.0
        },
        "c52": {
            "x": 16.700001,
            "y": 17.5,
            "demand": 20.0
        },
        "c53": {
            "x": 13.6,
            "y": 17.5,
            "demand": 19.0
        },
        "c54": {
            "x": 10.0,
            "y": 11.0,
            "demand": 20.0
        },
        "c55": {
            "x": 0.0,
            "y": 11.1,
            "demand": 19.0
        },
        "c56": {
            "x": 12.9,
            "y": 13.2,
            "demand": 11.0
        },
        "c57": {
            "x": 6.7,
            "y": 16.5,
            "demand": 15.0
        },
        "c58": {
            "x": 0.0,
            "y": 5.6,
            "demand": 13.0
        },
        "c59": {
            "x": 15.1,
            "y": 11.8,
            "demand": 12.0
        },
        "c60": {
            "x": 15.9,
            "y": 10.0,
            "demand": 19.0
        },
        "c61": {
            "x": 2.3,
            "y": 17.299999,
            "demand": 11.0
        },
        "c62": {
            "x": 10.0,
            "y": 7.4,
            "demand": 17.0
        },
        "c63": {
            "x": 4.6,
            "y": 5.2,
            "demand": 20.0
        },
        "c64": {
            "x": 8.7,
            "y": 3.9,
            "demand": 16.0
        },
        "c65": {
            "x": 4.5,
            "y": 12.2,
            "demand": 15.0
        },
        "c66": {
            "x": 16.700001,
            "y": 16.4,
            "demand": 12.0
        },
        "c67": {
            "x": 0.0,
            "y": 18.4,
            "demand": 13.0
        },
        "c68": {
            "x": 2.2,
            "y": 18.799999,
            "demand": 16.0
        },
        "c69": {
            "x": 6.8,
            "y": 19.5,
            "demand": 15.0
        },
        "c70": {
            "x": 35.299999,
            "y": 26.299999,
            "demand": 12.0
        },
        "c71": {
            "x": 36.5,
            "y": 24.0,
            "demand": 10.0
        },
        "c72": {
            "x": 36.099998,
            "y": 21.4,
            "demand": 20.0
        },
        "c73": {
            "x": 35.900002,
            "y": 20.4,
            "demand": 19.0
        },
        "c74": {
            "x": 32.0,
            "y": 35.0,
            "demand": 14.0
        },
        "c75": {
            "x": 42.799999,
            "y": 33.299999,
            "demand": 12.0
        },
        "c76": {
            "x": 44.299999,