{
    "customers": {
        "c0": {
            "x": 81.199997,
            "y": 91.5,
            "demand": 12.0
        },
        "c1": {
            "x": 0.3,
            "y": 72.099998,
            "demand": 20.0
        },
        "c2": {
            "x": 54.400002,
            "y": 94.800003,
            "demand": 13.0
        },
        "c3": {
            "x": 31.799999,
            "y": 13.4,
            "demand": 14.0
        },
        "c4": {
            "x": 94.400002,
            "y": 53.799999,
            "demand": 16.0
        },
        "c5": {
            "x": 57.400002,
            "y": 54.099998,
            "demand": 20.0
        },
        "c6": {
            "x": 18.6,
            "y": 58.599998,
            "demand": 11.0
        },
        "c7": {
            "x": 21.700001,
            "y": 66.099998,
            "demand": 18.0
        },
        "c8": {
            "x": 3.7,
            "y": 24.4,
            "demand": 19.0
        },
        "c9": {
            "x": 65.900002,
            "y": 68.800003,
            "demand": 18.0
        },
        "c10": {
            "x": 15.1,
            "y": 92.599998,
            "demand": 12.0
        },
        "c11": {
            "x": 47.799999,
            "y": 2.5,
            "demand": 13.0
        },
        "c12": {
            "x": 65.0,
            "y": 55.900002,
            "demand": 19.0
        },
        "c13": {
            "x": 17.4,
            "y": 5.7,
            "demand": 11.0
        },
        "c14": {
            "x": 66.300003,
            "y": 59.700001,
            "demand": 16.0
        },
        "c15": {
            "x": 80.5,
            "y": 23.0,
            "demand": 11.0
        },
        "c16": {
            "x": 55.599998,
            "y": 51.099998,
            "demand": 18.0
        },
        "c17": {
            "x": 52.799999,
            "y": 17.1,
            "demand": 15.0
        },
        "c18": {
            "x": 31.5,
            "y": 52.5,
            "demand": 10.0
        },
        "c19": {
            "x": 66.5,
            "y": 0.4,
            "demand": 13.0
        },
        "c20": {
            "x": 91.300003,
            "y": 41.900002,
            "demand": 16.0
        },
        "c21": {
            "x": 80.099998,
            "y": 49.200001,
            "demand": 20.0
        },
        "c22": {
            "x": 18.299999,
            "y": 7.7,
            "demand": 15.0
        },
        "c23": {
            "x": 11.9,
            "y": 52.400002,
            "demand": 18.0
        },
        "c24": {
            "x": 6.1,
            "y": 62.400002,
            "demand": 14.0
        },
        "c25": {
            "x": 5.7,
            "y": 58.0,
            "demand": 16.0
        },
        "c26": {
            "x": 14.1,
            "y": 58.400002,
            "demand": 20.0
        },
        "c27": {
            "x": 6.1,
            "y": 50.200001,
            "demand": 11.0
        },
        "c28": {
            "x": 10.6,
            "y": 50.0,
            "demand": 14.0
        },
        "c29": {
            "x": 9.8,
            "y": 47.200001,
            "demand": 17.0
        },
        "c30": {
            "x": 6.9,
            "y": 52.0,
            "demand": 16.0
        },
        "c31": {
            "x": 18.9,
            "y": 50.0,
            "demand": 13.0
        },
        "c32": {
            "x": 18.9,
            "y": 57.200001,
            "demand": 20.0
        },
        "c33": {
            "x": 21.9,
            "y": 60.299999,
            "demand": 15.0
        },
        "c34": {
            "x": 20.200001,
            "y": 56.299999,
            "demand": 15.0
        },
        "c35": {
            "x": 10.7,
            "y": 56.700001,
            "demand": 11.0
        },
        "c36": {
            "x": 18.700001,
            "y": 50.700001,
            "demand": 14.0
        },
        "c37": {
            "x": 20.1,
            "y": 48.5,
            "demand": 11.0
        },
        "c38": {
            "x": 9.6,
            "y": 62.700001,
            "demand": 11.0
        },
        "c39": {
            "x": 7.9,
            "y": 49.900002,
            "demand": 11.0
        },
        "c40": {
            "x": 16.0,
            "y": 52.400002,
            "demand": 14.0
        },
        "c41": {
            "x": 6.8,
            "y": 48.400002,
            "demand": 11.0
        },
        "c42": {
            "x": 22.5,
            "y": 57.400002,
            "demand": 15.0
        },
        "c43": {
            "x": 20.5,
            "y": 47.799999,
            "demand": 16.0
        },
        "c44": {
            "x": 12.0,
            "y": 48.900002,
            "demand": 18.0
        },
        "c45": {
            "x": 8.8,
            "y": 51.799999,
            "demand": 10.0
        },
        "c46": {
            "x": 20.200001,
            "y": 61.0,
            "demand": 12.0
        },
        "c47": {
            "x": 5.8,
            "y": 53.200001,
            "demand": 13.0
        },
        "c48": {
            "x": 6.2,
            "y": 57.5,
            "demand": 15.0
        },
        "c49": {
            "x": 11.6,
            "y": 52.5,
            "demand": 18.0
        },
        "c50": {
            "x": 9.7,
            "y": 59.299999,
            "demand": 12.0
        },
        "c51": {
            "x": 19.799999,
            "y": 56.599998,
            "demand": 12.0
        },
        "c52": {
            "x": 10.1,
            "y": 62.200001,
            "demand": 12.0
        },
        "c53": {
            "x": 22.700001,
            "y": 61.400002,
            "demand": 10.0
        },
        "c54": {
            "x": 19.6,
            "y": 61.5,
            "demand": 10.0
        },
        "c55": {
            "x": 16.0,
            "y": 54.900002,
            "demand": 14.0
        },
        "c56": {
            "x": 5.5,
            "y": 55.099998,
            "demand": 16.0
        },
        "c57": {
            "x": 18.9,
            "y": 57.099998,
            "demand": 10.0
        },
        "c58": {
            "x": 12.7,
            "y": 60.400002,
            "demand": 12.0
        },
        "c59": {
            "x": 5.8,
            "y": 49.5,
            "demand": 16.0
        },
        "c60": {
            "x": 21.1,
            "y": 55.700001,
            "demand": 10.0
        },
        "c61": {
            "x": 21.9,
            "y": 53.900002,
            "demand": 18.0
        },
        "c62": {
            "x": 18.299999,
            "y": 81.800003,
            "demand": 16.0
        },
        "c63": {
            "x": 13.0,
            "y": 79.599998,
            "demand": 19.0
        },
        "c64": {
            "x": 17.1,
            "y": 78.300003,
            "demand": 18.0
        },
        "c65": {
            "x": 12.9,
            "y": 86.599998,
            "demand": 20.0
        },
        "c66": {
            "x": 25.0,
            "y": 90.800003,
            "demand": 15.0
        },
        "c67": {
            "x": 8.4,
            "y": 92.699997,
            "demand": 16.0
        },
        "c68": {
            "x": 10.6,
            "y": 93.199997,
            "demand": 19.0
        },
        "c69": {
            "x": 15.1,
            "y": 93.900002,
            "demand": 18.0
        },
        "c70": {
            "x": 14.6,
            "y": 81.699997,
            "demand": 13.0
        },
        "c71": {
            "x": 12.3,
            "y": 84.0,
            "demand": 20.0
        },
        "c72": {
            "x": 13.5,
            "y": 81.699997,
            "demand": 15.0
        },
        "c73": {
            "x": 13.1,
            "y": 79.099998,
            "demand": 17.0
        },
        "c74": {
            "x": 12.9,
            "y": 78.099998,
            "demand": 12.0
        },
        "c75": {
            "x": 9.0,