{
    "customers": {
        "c0": {
            "x": 80.5,
            "y": 21.0,
            "demand": 11.0
        },
        "c1": {
            "x": 96.199997,
            "y": 52.700001,
            "demand": 10.0
        },
        "c2": {
            "x": 0.0,
            "y": 96.800003,
            "demand": 15.0
        },
        "c3": {
            "x": 0.5,
            "y": 99.5,
            "demand": 19.0
        },
        "c4": {
            "x": 9.3,
            "y": 99.900002,
            "demand": 15.0
        },
        "c5": {
            "x": 9.9,
            "y": 99.099998,
            "demand": 20.0
        },
        "c6": {
            "x": 6.5,
            "y": 99.900002,
            "demand": 10.0
        },
        "c7": {
            "x": 10.1,
            "y": 99.900002,
            "demand": 14.0
        },
        "c8": {
            "x": 0.0,
            "y": 99.900002,
            "demand": 13.0
        },
        "c9": {
            "x": 0.0,
            "y": 97.800003,
            "demand": 11.0
        },
        "c10": {
            "x": 4.6,
            "y": 94.5,
            "demand": 20.0
        },
        "c11": {
            "x": 9.1,
            "y": 93.099998,
            "demand": 17.0
        },
        "c12": {
            "x": 7.5,
            "y": 95.199997,
            "demand": 10.0
        },
        "c13": {
            "x": 10.2,
            "y": 99.0,
            "demand": 12.0
        },
        "c14": {
            "x": 10.9,
            "y": 93.599998,
            "demand": 14.0
        },
        "c15": {
            "x": 10.3,
            "y": 95.199997,
            "demand": 17.0
        },
        "c16": {
            "x": 6.3,
            "y": 99.199997,
            "demand": 20.0
        },
        "c17": {
            "x": 10.2,
            "y": 99.900002,
            "demand": 13.0
        },
        "c18": {
            "x": 6.8,
            "y": 99.900002,
            "demand": 11.0
        },
        "c19": {
            "x": 0.0,
            "y": 95.900002,
            "demand": 10.0
        },
        "c20": {
            "x": 6.6,
            "y": 93.400002,
            "demand": 14.0
        },
        "c21": {
            "x": 11.1,
            "y": 97.0,
            "demand": 13.0
        },
        "c22": {
            "x": 0.0,
            "y": 98.5,
            "demand": 16.0
        },
        "c23": {
            "x": 9.2,
            "y": 99.900002,
            "demand": 13.0
        },
        "c24": {
            "x": 3.4,
            "y": 99.900002,
            "demand": 16.0
        },
        "c25": {
            "x": 4.5,
            "y": 99.900002,
            "demand": 12.0
        },
        "c26": {
            "x": 0.0,
            "y": 98.800003,
            "demand": 13.0
        },
        "c27": {
            "x": 80.099998,
            "y": 73.800003,
            "demand": 17.0
        },
        "c28": {
            "x": 79.599998,
            "y": 73.699997,
            "demand": 15.0
        },
        "c29": {
            "x": 81.900002,
            "y": 68.699997,
            "demand": 12.0
        },
        "c30": {
            "x": 87.300003,
            "y": 71.300003,
            "demand": 20.0
        },
        "c31": {
            "x": 77.0,
            "y": 63.900002,
            "demand": 16.0
        },
        "c32": {
            "x": 85.900002,
            "y": 64.900002,
            "demand": 10.0
        },
        "c33": {
            "x": 78.300003,
            "y": 73.300003,
            "demand": 14.0
        },
        "c34": {
            "x": 87.099998,
            "y": 66.900002,
            "demand": 12.0
        },
        "c35": {
            "x": 77.800003,
            "y": 64.5,
            "demand": 11.0
        },
        "c36": {
            "x": 77.099998,
            "y": 71.800003,
            "demand": 13.0
        },
        "c37": {
            "x": 86.0,
            "y": 68.699997,
            "demand": 19.0
        },
        "c38": {
            "x": 84.0,
            "y": 63.299999,
            "demand": 12.0
        },
        "c39": {
            "x": 79.5,
            "y": 64.300003,
            "demand": 11.0
        },
        "c40": {
            "x": 88.400002,
            "y": 66.0,
            "demand": 18.0
        },
        "c41": {
            "x": 78.199997,
            "y": 63.700001,
            "demand": 10.0
        },
        "c42": {
            "x": 79.800003,
            "y": 67.599998,
            "demand": 16.0
        },
        "c43": {
            "x": 87.0,
            "y": 62.700001,
            "demand": 18.0
        },
        "c44": {
            "x": 77.900002,
            "y": 64.599998,
            "demand": 20.0
        },
        "c45": {
            "x": 78.300003,
            "y": 74.900002,
            "demand": 17.0
        },
        "c46": {
            "x": 81.599998,
            "y": 68.900002,
            "demand": 17.0
        },
        "c47": {
            "x": 76.599998,
            "y": 68.800003,
            "demand": 12.0
        },
        "c48": {
            "x": 87.900002,
            "y": 62.799999,
            "demand": 14.0
        },
        "c49": {
            "x": 82.800003,
            "y": 67.800003,
            "demand": 19.0
        },
        "c50": {
            "x": 77.699997,
            "y": 68.599998,
            "demand": 10.0
        },
        "c51": {
            "x": 80.599998,
            "y": 62.400002,
            "demand": 11.0
        },
        "c52": {
            "x": 82.599998,
            "y": 70.5,
            "demand": 13.0
        },
        "c53": {
            "x": 76.0,
            "y": 74.099998,
            "demand": 10.0
        },
        "c54": {
            "x": 86.099998,
            "y": 74.300003,
            "demand": 19.0
        },
        "c55": {
            "x": 79.199997,
            "y": 65.800003,
            "demand": 19.0
        },
        "c56": {
            "x": 80.5,
            "y": 69.300003,
            "demand": 15.0
        },
        "c57": {
            "x": 75.699997,
            "y": 65.5,
            "demand": 11.0
        },
        "c58": {
            "x": 86.900002,
            "y": 74.900002,
            "demand": 15.0
        },
        "c59": {
            "x": 85.099998,
            "y": 62.299999,
            "demand": 17.0
        },
        "c60": {
            "x": 59.700001,
            "y": 18.4,
            "demand": 13.0
        },
        "c61": {
            "x": 64.599998,
            "y": 24.1,
            "demand": 10.0
        },
        "c62": {
            "x": 58.299999,
            "y": 22.6,
            "demand": 18.0
        },
        "c63": {
            "x": 56.5,
            "y": 15.6,
            "demand": 20.0
        },
        "c64": {
            "x": 69.599998,
            "y": 17.4,
            "demand": 19.0
        },
        "c65": {
            "x": 67.699997,
            "y": 16.799999,
            "demand": 14.0
        },
        "c66": {
            "x": 59.299999,
            "y": 17.299999,
            "demand": 17.0
        },
        "c67": {
            "x": 64.300003,
            "y": 26.200001,
            "demand": 16.0
        },
        "c68": {
            "x": 69.099998,
            "y": 15.6,
            "demand": 17.0
        },
        "c69": {
            "x": 61.200001,
            "y": 23.5,
            "demand": 14.0
        },
        "c70": {
            "x": 57.200001,
            "y": 18.299999,
            "demand": 14.0
        },
        "c71": {
            "x": 59.400002,
            "y": 26.200001,
            "demand": 14.0
        },
        "c72": {
            "x": 59.200001,
            "y": 22.4,
            "demand": 16.0
        },
        "c73": {
            "x": 68.400002,
            "y": 19.5,
            "demand": 10.0
        },
        "c74": {
            "x": 61.299999,