{
    "customers": {
        "c0": {
            "x": 60.099998,
            "y": 71.0,
            "demand": 12.0
        },
        "c1": {
            "x": 11.8,
            "y": 36.200001,
            "demand": 10.0
        },
        "c2": {
            "x": 17.6,
            "y": 31.6,
            "demand": 20.0
        },
        "c3": {
            "x": 85.0,
            "y": 39.799999,
            "demand": 12.0
        },
        "c4": {
            "x": 25.5,
            "y": 22.6,
            "demand": 12.0
        },
        "c5": {
            "x": 66.400002,
            "y": 68.599998,
            "demand": 13.0
        },
        "c6": {
            "x": 71.099998,
            "y": 16.200001,
            "demand": 17.0
        },
        "c7": {
            "x": 31.5,
            "y": 64.199997,
            "demand": 19.0
        },
        "c8": {
            "x": 69.599998,
            "y": 91.5,
            "demand": 17.0
        },
        "c9": {
            "x": 98.300003,
            "y": 12.8,
            "demand": 12.0
        },
        "c10": {
            "x": 56.0,
            "y": 46.5,
            "demand": 15.0
        },
        "c11": {
            "x": 13.4,
            "y": 94.099998,
            "demand": 18.0
        },
        "c12": {
            "x": 77.300003,
            "y": 7.6,
            "demand": 10.0
        },
        "c13": {
            "x": 12.7,
            "y": 48.799999,
            "demand": 10.0
        },
        "c14": {
            "x": 38.700001,
            "y": 68.900002,
            "demand": 19.0
        },
        "c15": {
            "x": 25.1,
            "y": 12.9,
            "demand": 12.0
        },
        "c16": {
            "x": 90.199997,
            "y": 2.6,
            "demand": 18.0
        },
        "c17": {
            "x": 87.300003,
            "y": 40.299999,
            "demand": 20.0
        },
        "c18": {
            "x": 95.699997,
            "y": 32.700001,
            "demand": 13.0
        },
        "c19": {
            "x": 81.400002,
            "y": 39.299999,
            "demand": 16.0
        },
        "c20": {
            "x": 88.300003,
            "y": 36.700001,
            "demand": 12.0
        },
        "c21": {
            "x": 90.300003,
            "y": 27.6,
            "demand": 20.0
        },
        "c22": {
            "x": 80.599998,
            "y": 40.200001,
            "demand": 18.0
        },
        "c23": {
            "x": 89.400002,
            "y": 30.0,
            "demand": 11.0
        },
        "c24": {
            "x": 86.199997,
            "y": 24.299999,
            "demand": 19.0
        },
        "c25": {
            "x": 89.699997,
            "y": 35.400002,
            "demand": 11.0
        },
        "c26": {
            "x": 89.699997,
            "y": 36.400002,
            "demand": 20.0
        },
        "c27": {
            "x": 94.099998,
            "y": 35.700001,
            "demand": 19.0
        },
        "c28": {
            "x": 87.5,
            "y": 38.400002,
            "demand": 10.0
        },
        "c29": {
            "x": 90.599998,
            "y": 29.0,
            "demand": 18.0
        },
        "c30": {
            "x": 83.099998,
            "y": 38.099998,
            "demand": 13.0
        },
        "c31": {
            "x": 91.300003,
            "y": 40.299999,
            "demand": 12.0
        },
        "c32": {
            "x": 92.300003,
            "y": 27.200001,
            "demand": 18.0
        },
        "c33": {
            "x": 88.0,
            "y": 33.5,
            "demand": 19.0
        },
        "c34": {
            "x": 80.800003,
            "y": 35.200001,
            "demand": 18.0
        },
        "c35": {
            "x": 86.0,
            "y": 24.700001,
            "demand": 12.0
        },
        "c36": {
            "x": 84.699997,
            "y": 35.700001,
            "demand": 16.0
        },
        "c37": {
            "x": 79.199997,
            "y": 40.799999,
            "demand": 11.0
        },
        "c38": {
            "x": 92.400002,
            "y": 34.5,
            "demand": 16.0
        },
        "c39": {
            "x": 95.0,
            "y": 27.9,
            "demand": 12.0
        },
        "c40": {
            "x": 89.199997,
            "y": 36.400002,
            "demand": 10.0
        },
        "c41": {
            "x": 90.400002,
            "y": 33.200001,
            "demand": 11.0
        },
        "c42": {
            "x": 85.699997,
            "y": 31.299999,
            "demand": 10.0
        },
        "c43": {
            "x": 92.0,
            "y": 27.6,
            "demand": 18.0
        },
        "c44": {
            "x": 36.200001,
            "y": 69.300003,
            "demand": 20.0
        },
        "c45": {
            "x": 29.4,
            "y": 65.099998,
            "demand": 15.0
        },
        "c46": {
            "x": 41.900002,
            "y": 52.900002,
            "demand": 14.0
        },
        "c47": {
            "x": 42.900002,
            "y": 53.099998,
            "demand": 13.0
        },
        "c48": {
            "x": 41.599998,
            "y": 53.799999,
            "demand": 16.0
        },
        "c49": {
            "x": 42.099998,
            "y": 53.5,
            "demand": 16.0
        },
        "c50": {
            "x": 34.900002,
            "y": 69.400002,
            "demand": 13.0
        },
        "c51": {
            "x": 45.5,
            "y": 69.400002,
            "demand": 11.0
        },
        "c52": {
            "x": 29.6,
            "y": 62.599998,
            "demand": 10.0
        },
        "c53": {
            "x": 37.200001,
            "y": 54.299999,
            "demand": 13.0
        },
        "c54": {
            "x": 37.799999,
            "y": 64.199997,
            "demand": 11.0
        },
        "c55": {
            "x": 40.599998,
            "y": 54.5,
            "demand": 11.0
        },
        "c56": {
            "x": 38.5,
            "y": 69.5,
            "demand": 16.0
        },
        "c57": {
            "x": 30.9,
            "y": 65.599998,
            "demand": 10.0
        },
        "c58": {
            "x": 31.6,
            "y": 60.5,
            "demand": 15.0
        },
        "c59": {
            "x": 31.9,
            "y": 57.599998,
            "demand": 20.0
        },
        "c60": {
            "x": 32.200001,
            "y": 58.700001,
            "demand": 11.0
        },
        "c61": {
            "x": 37.599998,
            "y": 65.400002,
            "demand": 14.0
        },
        "c62": {
            "x": 38.299999,
            "y": 67.300003,
            "demand": 12.0
        },
        "c63": {
            "x": 44.5,
            "y": 59.099998,
            "demand": 12.0
        },
        "c64": {
            "x": 41.900002,
            "y": 65.099998,
            "demand": 17.0
        },
        "c65": {
            "x": 38.0,
            "y": 61.099998,
            "demand": 14.0
        },
        "c66": {
            "x": 45.900002,
            "y": 65.0,
            "demand": 10.0
        },
        "c67": {
            "x": 41.200001,
            "y": 69.0,
            "demand": 11.0
        },
        "c68": {
            "x": 44.0,
            "y": 69.400002,
            "demand": 13.0
        },
        "c69": {
            "x": 36.400002,
            "y": 59.400002,
            "demand": 13.0
        },
        "c70": {
            "x": 31.9,
            "y": 54.400002,
            "demand": 15.0
        },
        "c71": {
            "x": 35.900002,
            "y": 65.199997,
            "demand": 10.0
        },
        "c72": {
            "x": 28.799999,
            "y": 64.800003,
            "demand": 13.0
        },
        "c73": {
            "x": 88.099998,
            "y": 67.199997,
            "demand": 14.0
        },