{
    "customers": {
        "c0": {
            "x": 53.099998,
            "y": 82.699997,
            "demand": 10.0
        },
        "c1": {
            "x": 31.299999,
            "y": 2.3,
            "demand": 14.0
        },
        "c2": {
            "x": 12.0,
            "y": 88.900002,
            "demand": 13.0
        },
        "c3": {
            "x": 8.0,
            "y": 91.300003,
            "demand": 14.0
        },
        "c4": {
            "x": 57.900002,
            "y": 78.5,
            "demand": 12.0
        },
        "c5": {
            "x": 86.900002,
            "y": 63.299999,
            "demand": 16.0
        },
        "c6": {
            "x": 85.0,
            "y": 48.400002,
            "demand": 17.0
        },
        "c7": {
            "x": 39.599998,
            "y": 66.099998,
            "demand": 16.0
        },
        "c8": {
            "x": 0.9,
            "y": 11.9,
            "demand": 18.0
        },
        "c9": {
            "x": 68.0,
            "y": 37.799999,
            "demand": 11.0
        },
        "c10": {
            "x": 57.299999,
            "y": 33.599998,
            "demand": 10.0
        },
        "c11": {
            "x": 24.9,
            "y": 74.300003,
            "demand": 15.0
        },
        "c12": {
            "x": 38.799999,
            "y": 82.199997,
            "demand": 16.0
        },
        "c13": {
            "x": 11.0,
            "y": 52.700001,
            "demand": 15.0
        },
        "c14": {
            "x": 4.1,
            "y": 22.200001,
            "demand": 17.0
        },
        "c15": {
            "x": 62.5,
            "y": 94.0,
            "demand": 20.0
        },
        "c16": {
            "x": 50.599998,
            "y": 35.900002,
            "demand": 13.0
        },
        "c17": {
            "x": 33.099998,
            "y": 21.0,
            "demand": 12.0
        },
        "c18": {
            "x": 99.599998,
            "y": 18.299999,
            "demand": 19.0
        },
        "c19": {
            "x": 1.8,
            "y": 12.5,
            "demand": 16.0
        },
        "c20": {
            "x": 9.5,
            "y": 34.099998,
            "demand": 15.0
        },
        "c21": {
            "x": 49.0,
            "y": 66.0,
            "demand": 11.0
        },
        "c22": {
            "x": 93.800003,
            "y": 4.1,
            "demand": 14.0
        },
        "c23": {
            "x": 23.5,
            "y": 68.699997,
            "demand": 15.0
        },
        "c24": {
            "x": 92.900002,
            "y": 16.1,
            "demand": 12.0
        },
        "c25": {
            "x": 14.8,
            "y": 12.6,
            "demand": 15.0
        },
        "c26": {
            "x": 32.400002,
            "y": 63.799999,
            "demand": 14.0
        },
        "c27": {
            "x": 81.400002,
            "y": 38.700001,
            "demand": 10.0
        },
        "c28": {
            "x": 65.800003,
            "y": 36.0,
            "demand": 19.0
        },
        "c29": {
            "x": 65.300003,
            "y": 17.700001,
            "demand": 11.0
        },
        "c30": {
            "x": 75.0,
            "y": 8.3,
            "demand": 12.0
        },
        "c31": {
            "x": 56.599998,
            "y": 81.199997,
            "demand": 10.0
        },
        "c32": {
            "x": 78.5,
            "y": 91.0,
            "demand": 17.0
        },
        "c33": {
            "x": 82.099998,
            "y": 81.900002,
            "demand": 11.0
        },
        "c34": {
            "x": 45.0,
            "y": 76.400002,
            "demand": 11.0
        },
        "c35": {
            "x": 4.6,
            "y": 35.299999,
            "demand": 20.0
        },
        "c36": {
            "x": 4.3,
            "y": 57.400002,
            "demand": 13.0
        },
        "c37": {
            "x": 48.299999,
            "y": 17.0,
            "demand": 17.0
        },
        "c38": {
            "x": 13.0,
            "y": 18.200001,
            "demand": 14.0
        },
        "c39": {
            "x": 80.699997,
            "y": 65.699997,
            "demand": 10.0
        },
        "c40": {
            "x": 25.799999,
            "y": 68.400002,
            "demand": 13.0
        },
        "c41": {
            "x": 25.6,
            "y": 33.599998,
            "demand": 14.0
        },
        "c42": {
            "x": 16.299999,
            "y": 60.200001,
            "demand": 18.0
        },
        "c43": {
            "x": 95.300003,
            "y": 47.599998,
            "demand": 10.0
        },
        "c44": {
            "x": 67.699997,
            "y": 55.700001,
            "demand": 11.0
        },
        "c45": {
            "x": 82.599998,
            "y": 96.400002,
            "demand": 13.0
        },
        "c46": {
            "x": 93.0,
            "y": 38.700001,
            "demand": 16.0
        },
        "c47": {
            "x": 67.800003,
            "y": 95.400002,
            "demand": 18.0
        },
        "c48": {
            "x": 63.700001,
            "y": 66.0,
            "demand": 15.0
        },
        "c49": {
            "x": 93.400002,
            "y": 27.6,
            "demand": 15.0
        },
        "c50": {
            "x": 73.800003,
            "y": 27.299999,
            "demand": 12.0
        },
        "c51": {
            "x": 23.200001,
            "y": 96.300003,
            "demand": 10.0
        },
        "c52": {
            "x": 61.900002,
            "y": 71.599998,
            "demand": 11.0
        },
        "c53": {
            "x": 41.700001,
            "y": 29.5,
            "demand": 19.0
        },
        "c54": {
            "x": 18.1,
            "y": 57.099998,
            "demand": 10.0
        },
        "c55": {
            "x": 83.0,
            "y": 93.800003,
            "demand": 13.0
        },
        "c56": {
            "x": 13.0,
            "y": 14.1,
            "demand": 10.0
        },
        "c57": {
            "x": 61.900002,
            "y": 68.900002,
            "demand": 12.0
        },
        "c58": {
            "x": 29.200001,
            "y": 31.6,
            "demand": 12.0
        },
        "c59": {
            "x": 87.099998,
            "y": 99.199997,
            "demand": 16.0
        },
        "c60": {
            "x": 24.0,
            "y": 70.900002,
            "demand": 11.0
        },
        "c61": {
            "x": 84.800003,
            "y": 87.900002,
            "demand": 14.0
        },
        "c62": {
            "x": 88.199997,
            "y": 62.400002,
            "demand": 14.0
        },
        "c63": {
            "x": 76.199997,
            "y": 69.400002,
            "demand": 11.0
        },
        "c64": {
            "x": 49.5,
            "y": 81.199997,
            "demand": 14.0
        },
        "c65": {
            "x": 94.900002,
            "y": 65.900002,
            "demand": 14.0
        },
        "c66": {
            "x": 69.5,
            "y": 68.300003,
            "demand": 10.0
        },
        "c67": {
            "x": 92.099998,
            "y": 30.5,
            "demand": 10.0
        },
        "c68": {
            "x": 42.0,
            "y": 4.7,
            "demand": 19.0
        },
        "c69": {
            "x": 61.599998,
            "y": 99.5,
            "demand": 19.0
        },
        "c70": {
            "x": 87.199997,
            "y": 34.799999,
            "demand": 20.0
        },
        "c71": {
            "x": 86.400002,
            "y": 43.700001,
            "demand": 20.0
        },
        "c72": {
            "x": 88.599998,
            "y": 40.0,
            "demand": 17.0
        },
        "c73": {
            "x": 55.599998,
            "y": 60.0,
            "demand": 11.0
        },
        "c74": {
            "x": 43.400002,