{
    "customers": {
        "c0": {
            "x": 57.599998,
            "y": 92.699997,
            "demand": 16.0
        },
        "c1": {
            "x": 70.0,
            "y": 79.0,
            "demand": 19.0
        },
        "c2": {
            "x": 98.0,
            "y": 45.799999,
            "demand": 11.0
        },
        "c3": {
            "x": 50.0,
            "y": 97.800003,
            "demand": 14.0
        },
        "c4": {
            "x": 2.4,
            "y": 26.700001,
            "demand": 13.0
        },
        "c5": {
            "x": 81.0,
            "y": 46.700001,
            "demand": 16.0
        },
        "c6": {
            "x": 70.800003,
            "y": 56.400002,
            "demand": 10.0
        },
        "c7": {
            "x": 33.299999,
            "y": 59.900002,
            "demand": 14.0
        },
        "c8": {
            "x": 27.6,
            "y": 88.5,
            "demand": 16.0
        },
        "c9": {
            "x": 19.5,
            "y": 61.900002,
            "demand": 13.0
        },
        "c10": {
            "x": 75.699997,
            "y": 60.400002,
            "demand": 20.0
        },
        "c11": {
            "x": 26.4,
            "y": 14.7,
            "demand": 11.0
        },
        "c12": {
            "x": 93.800003,
            "y": 21.6,
            "demand": 17.0
        },
        "c13": {
            "x": 28.200001,
            "y": 5.4,
            "demand": 10.0
        },
        "c14": {
            "x": 3.5,
            "y": 72.5,
            "demand": 13.0
        },
        "c15": {
            "x": 28.6,
            "y": 8.6,
            "demand": 19.0
        },
        "c16": {
            "x": 25.0,
            "y": 93.400002,
            "demand": 11.0
        },
        "c17": {
            "x": 26.200001,
            "y": 67.5,
            "demand": 19.0
        },
        "c18": {
            "x": 28.4,
            "y": 57.700001,
            "demand": 15.0
        },
        "c19": {
            "x": 17.299999,
            "y": 82.400002,
            "demand": 12.0
        },
        "c20": {
            "x": 60.200001,
            "y": 77.5,
            "demand": 13.0
        },
        "c21": {
            "x": 66.400002,
            "y": 81.300003,
            "demand": 12.0
        },
        "c22": {
            "x": 3.8,
            "y": 56.5,
            "demand": 17.0
        },
        "c23": {
            "x": 62.700001,
            "y": 44.200001,
            "demand": 12.0
        },
        "c24": {
            "x": 5.1,
            "y": 47.400002,
            "demand": 18.0
        },
        "c25": {
            "x": 12.6,
            "y": 76.800003,
            "demand": 16.0
        },
        "c26": {
            "x": 14.2,
            "y": 72.5,
            "demand": 12.0
        },
        "c27": {
            "x": 14.9,
            "y": 70.300003,
            "demand": 11.0
        },
        "c28": {
            "x": 16.0,
            "y": 69.400002,
            "demand": 13.0
        },
        "c29": {
            "x": 22.700001,
            "y": 76.199997,
            "demand": 14.0
        },
        "c30": {
            "x": 17.299999,
            "y": 77.900002,
            "demand": 15.0
        },
        "c31": {
            "x": 21.200001,
            "y": 71.800003,
            "demand": 20.0
        },
        "c32": {
            "x": 22.200001,
            "y": 72.900002,
            "demand": 14.0
        },
        "c33": {
            "x": 12.9,
            "y": 65.099998,
            "demand": 11.0
        },
        "c34": {
            "x": 22.6,
            "y": 77.0,
            "demand": 20.0
        },
        "c35": {
            "x": 19.1,
            "y": 71.0,
            "demand": 16.0
        },
        "c36": {
            "x": 20.5,
            "y": 70.800003,
            "demand": 20.0
        },
        "c37": {
            "x": 10.0,
            "y": 69.5,
            "demand": 16.0
        },
        "c38": {
            "x": 12.2,
            "y": 70.199997,
            "demand": 16.0
        },
        "c39": {
            "x": 18.299999,
            "y": 68.800003,
            "demand": 16.0
        },
        "c40": {
            "x": 11.1,
            "y": 68.699997,
            "demand": 11.0
        },
        "c41": {
            "x": 11.3,
            "y": 73.800003,
            "demand": 10.0
        },
        "c42": {
            "x": 15.1,
            "y": 75.699997,
            "demand": 16.0
        },
        "c43": {
            "x": 14.3,
            "y": 71.099998,
            "demand": 17.0
        },
        "c44": {
            "x": 14.9,
            "y": 74.0,
            "demand": 16.0
        },
        "c45": {
            "x": 20.5,
            "y": 69.699997,
            "demand": 11.0
        },
        "c46": {
            "x": 19.6,
            "y": 73.400002,
            "demand": 20.0
        },
        "c47": {
            "x": 22.0,
            "y": 73.900002,
            "demand": 15.0
        },
        "c48": {
            "x": 13.9,
            "y": 65.199997,
            "demand": 16.0
        },
        "c49": {
            "x": 21.6,
            "y": 70.0,
            "demand": 11.0
        },
        "c50": {
            "x": 16.299999,
            "y": 73.0,
            "demand": 10.0
        },
        "c51": {
            "x": 20.1,
            "y": 69.0,
            "demand": 18.0
        },
        "c52": {
            "x": 15.4,
            "y": 11.5,
            "demand": 11.0
        },
        "c53": {
            "x": 18.299999,
            "y": 13.6,
            "demand": 13.0
        },
        "c54": {
            "x": 22.200001,
            "y": 11.8,
            "demand": 17.0
        },
        "c55": {
            "x": 25.5,
            "y": 13.2,
            "demand": 18.0
        },
        "c56": {
            "x": 22.5,
            "y": 13.8,
            "demand": 18.0
        },
        "c57": {
            "x": 16.6,
            "y": 10.4,
            "demand": 11.0
        },
        "c58": {
            "x": 15.5,
            "y": 6.7,
            "demand": 12.0
        },
        "c59": {
            "x": 25.0,
            "y": 10.2,
            "demand": 11.0
        },
        "c60": {
            "x": 17.299999,
            "y": 8.0,
            "demand": 15.0
        },
        "c61": {
            "x": 17.700001,
            "y": 9.6,
            "demand": 10.0
        },
        "c62": {
            "x": 21.799999,
            "y": 10.2,
            "demand": 20.0
        },
        "c63": {
            "x": 19.5,
            "y": 8.9,
            "demand": 20.0
        },
        "c64": {
            "x": 25.9,
            "y": 11.2,
            "demand": 18.0
        },
        "c65": {
            "x": 18.9,
            "y": 7.4,
            "demand": 17.0
        },
        "c66": {
            "x": 23.0,
            "y": 7.8,
            "demand": 11.0
        },
        "c67": {
            "x": 19.9,
            "y": 6.6,
            "demand": 17.0
        },
        "c68": {
            "x": 17.4,
            "y": 11.7,
            "demand": 13.0
        },
        "c69": {
            "x": 13.2,
            "y": 6.4,
            "demand": 12.0
        },
        "c70": {
            "x": 22.1,
            "y": 11.7,
            "demand": 15.0
        },
        "c71": {
            "x": 14.0,
            "y": 16.799999,
            "demand": 19.0
        },
        "c72": {
            "x": 21.5,
            "y": 17.700001,
            "demand": 20.0
        },
        "c73": {
            "x": 21.4,
            "y": 11.2,
            "demand": 15.0
        },
        "c74": {
            "x": 15.0,
            "y": 9.5,
            "demand": 18.0
        },
        "c75": {
            "x": 12.6,
            "y": 13.3,
            "demand": 20.0
        },