{
    "customers": {
        "c0": {
            "x": 57.599998,
            "y": 92.699997,
            "demand": 19.0
        },
        "c1": {
            "x": 70.0,
            "y": 79.0,
            "demand": 12.0
        },
        "c2": {
            "x": 98.0,
            "y": 45.799999,
            "demand": 15.0
        },
        "c3": {
            "x": 50.0,
            "y": 97.800003,
            "demand": 15.0
        },
        "c4": {
            "x": 2.4,
            "y": 26.700001,
            "demand": 17.0
        },
        "c5": {
            "x": 81.0,
            "y": 46.700001,
            "demand": 20.0
        },
        "c6": {
            "x": 70.800003,
            "y": 56.400002,
            "demand": 18.0
        },
        "c7": {
            "x": 33.299999,
            "y": 59.900002,
            "demand": 19.0
        },
        "c8": {
            "x": 27.6,
            "y": 88.5,
            "demand": 12.0
        },
        "c9": {
            "x": 19.5,
            "y": 61.900002,
            "demand": 10.0
        },
        "c10": {
            "x": 75.699997,
            "y": 60.400002,
            "demand": 20.0
        },
        "c11": {
            "x": 26.4,
            "y": 14.7,
            "demand": 18.0
        },
        "c12": {
            "x": 93.800003,
            "y": 21.6,
            "demand": 15.0
        },
        "c13": {
            "x": 28.200001,
            "y": 5.4,
            "demand": 15.0
        },
        "c14": {
            "x": 3.5,
            "y": 72.5,
            "demand": 16.0
        },
        "c15": {
            "x": 28.6,
            "y": 8.6,
            "demand": 14.0
        },
        "c16": {
            "x": 21.799999,
            "y": 95.800003,
            "demand": 17.0
        },
        "c17": {
            "x": 22.1,
            "y": 94.5,
            "demand": 20.0
        },
        "c18": {
            "x": 20.6,
            "y": 97.800003,
            "demand": 20.0
        },
        "c19": {
            "x": 26.299999,
            "y": 97.099998,
            "demand": 12.0
        },
        "c20": {
            "x": 27.200001,
            "y": 97.599998,
            "demand": 17.0
        },
        "c21": {
            "x": 18.799999,
            "y": 94.300003,
            "demand": 10.0
        },
        "c22": {
            "x": 26.700001,
            "y": 92.599998,
            "demand": 16.0
        },
        "c23": {
            "x": 19.0,
            "y": 93.099998,
            "demand": 20.0
        },
        "c24": {
            "x": 20.5,
            "y": 96.300003,
            "demand": 11.0
        },
        "c25": {
            "x": 21.200001,
            "y": 98.699997,
            "demand": 13.0
        },
        "c26": {
            "x": 22.700001,
            "y": 94.300003,
            "demand": 18.0
        },
        "c27": {
            "x": 23.4,
            "y": 92.199997,
            "demand": 14.0
        },
        "c28": {
            "x": 24.6,
            "y": 91.300003,
            "demand": 16.0
        },
        "c29": {
            "x": 31.299999,
            "y": 98.099998,
            "demand": 14.0
        },
        "c30": {
            "x": 25.9,
            "y": 99.800003,
            "demand": 19.0
        },
        "c31": {
            "x": 29.799999,
            "y": 93.699997,
            "demand": 16.0
        },
        "c32": {
            "x": 30.799999,
            "y": 94.800003,
            "demand": 10.0
        },
        "c33": {
            "x": 21.4,
            "y": 87.0,
            "demand": 15.0
        },
        "c34": {
            "x": 98.699997,
            "y": 90.0,
            "demand": 20.0
        },
        "c35": {
            "x": 99.900002,
            "y": 89.699997,
            "demand": 11.0
        },
        "c36": {
            "x": 89.599998,
            "y": 88.5,
            "demand": 14.0
        },
        "c37": {
            "x": 91.699997,
            "y": 89.199997,
            "demand": 16.0
        },
        "c38": {
            "x": 97.800003,
            "y": 87.800003,
            "demand": 13.0
        },
        "c39": {
            "x": 90.599998,
            "y": 87.599998,
            "demand": 10.0
        },
        "c40": {
            "x": 90.900002,
            "y": 92.800003,
            "demand": 14.0
        },
        "c41": {
            "x": 94.699997,
            "y": 94.699997,
            "demand": 20.0
        },
        "c42": {
            "x": 93.900002,
            "y": 90.099998,
            "demand": 16.0
        },
        "c43": {
            "x": 94.5,
            "y": 93.0,
            "demand": 19.0
        },
        "c44": {
            "x": 99.900002,
            "y": 88.699997,
            "demand": 18.0
        },
        "c45": {
            "x": 99.199997,
            "y": 92.400002,
            "demand": 14.0
        },
        "c46": {
            "x": 99.900002,
            "y": 92.900002,
            "demand": 15.0
        },
        "c47": {
            "x": 93.400002,
            "y": 84.099998,
            "demand": 11.0
        },
        "c48": {
            "x": 99.900002,
            "y": 89.0,
            "demand": 20.0
        },
        "c49": {
            "x": 95.900002,
            "y": 92.0,
            "demand": 13.0
        },
        "c50": {
            "x": 99.699997,
            "y": 88.0,
            "demand": 17.0
        },
        "c51": {
            "x": 23.799999,
            "y": 49.0,
            "demand": 15.0
        },
        "c52": {
            "x": 24.1,
            "y": 54.0,
            "demand": 20.0
        },
        "c53": {
            "x": 27.0,
            "y": 56.0,
            "demand": 19.0
        },
        "c54": {
            "x": 30.799999,
            "y": 54.200001,
            "demand": 13.0
        },
        "c55": {
            "x": 34.200001,
            "y": 55.599998,
            "demand": 14.0
        },
        "c56": {
            "x": 31.200001,
            "y": 56.200001,
            "demand": 10.0
        },
        "c57": {
            "x": 25.299999,
            "y": 52.799999,
            "demand": 12.0
        },
        "c58": {
            "x": 24.200001,
            "y": 49.099998,
            "demand": 19.0
        },
        "c59": {
            "x": 33.599998,
            "y": 52.599998,
            "demand": 10.0
        },
        "c60": {
            "x": 26.0,
            "y": 50.400002,
            "demand": 12.0
        },
        "c61": {
            "x": 26.4,
            "y": 52.099998,
            "demand": 16.0
        },
        "c62": {
            "x": 30.5,
            "y": 52.599998,
            "demand": 10.0
        },
        "c63": {
            "x": 28.200001,
            "y": 51.400002,
            "demand": 14.0
        },
        "c64": {
            "x": 34.5,
            "y": 53.599998,
            "demand": 15.0
        },
        "c65": {
            "x": 51.099998,
            "y": 13.8,
            "demand": 10.0
        },
        "c66": {
            "x": 48.0,
            "y": 12.7,
            "demand": 17.0
        },
        "c67": {
            "x": 45.599998,
            "y": 17.799999,
            "demand": 16.0
        },
        "c68": {
            "x": 41.400002,
            "y": 12.4,
            "demand": 11.0
        },
        "c69": {
            "x": 50.200001,
            "y": 17.799999,
            "demand": 11.0
        },
        "c70": {
            "x": 42.200001,
            "y": 22.9,
            "demand": 20.0
        },
        "c71": {
            "x": 49.599998,
            "y": 23.799999,
            "demand": 13.0
        },
        "c72": {
            "x": 49.599998,
            "y": 17.200001,
            "demand": 14.0
        },
        "c73": {
            "x": 43.099998,
            "y": 15.5,
            "demand": 11.0
        },